Rank,Type,Model,Average,IFEval,BBH,MATH,GPQA,MUSR,MNLU-Pro,Architecture,Precision,Parameters,License,CO2cost,Hub_likes,Upload date,Submission date,Generation,Base model,Chat Template,Hub Availability,Official Providers,Mixture of Experts,Flag Status
31,chat,Qwen/Qwen2-72B-Instruct,42.91,0.8,0.7,0.38,0.37,0.46,0.54,,bfloat16,72.706B,other,37.55 kg,701,2024-05-28,2024-06-26,1,Qwen/Qwen2-72B,No,Yes,Yes,No,No
32,fine-tuned,abacusai/Dracarys-72B-Instruct,42.71,0.79,0.69,0.36,0.39,0.46,0.55,,bfloat16,72.706B,other,12.38 kg,20,2024-08-14,2024-08-16,0,abacusai/Dracarys-72B-Instruct,Yes,Yes,Yes,No,No
42,chat,meta-llama/Meta-Llama-3.1-70B-Instruct,42.18,0.87,0.69,0.31,0.36,0.46,0.53,,bfloat16,70.554B,llama3.1,26.80 kg,782,2024-07-16,2024-08-15,1,meta-llama/Meta-Llama-3.1-70B,Yes,Yes,Yes,No,No
48,chat,allenai/Llama-3.1-Tulu-3-70B,41.45,0.84,0.62,0.38,0.37,0.5,0.47,,float16,70.554B,llama3.1,38.02 kg,51,2024-11-20,2024-11-27,1,allenai/Llama-3.1-Tulu-3-70B (Merge),Yes,Yes,Yes,No,No
49,chat,abacusai/Smaug-Qwen2-72B-Instruct,41.43,0.78,0.69,0.37,0.36,0.44,0.52,,bfloat16,72.706B,other,13.26 kg,9,2024-06-26,2024-07-29,0,abacusai/Smaug-Qwen2-72B-Instruct,Yes,Yes,Yes,No,No
55,chat,allenai/Llama-3.1-Tulu-3-70B-DPO,41.2,0.83,0.61,0.39,0.38,0.49,0.46,,bfloat16,70B,llama3.1,36.80 kg,9,2024-11-20,2024-11-27,1,allenai/Llama-3.1-Tulu-3-70B-DPO (Merge),Yes,Yes,Yes,No,No
56,chat,allenai/Llama-3.1-Tulu-3-70B,41.2,0.83,0.62,0.38,0.37,0.49,0.46,,bfloat16,70.554B,llama3.1,36.59 kg,51,2024-11-20,2024-11-27,1,allenai/Llama-3.1-Tulu-3-70B (Merge),Yes,Yes,Yes,No,No
109,chat,upstage/solar-pro-preview-instruct,39.9,0.84,0.68,0.22,0.37,0.44,0.53,,bfloat16,22.14B,mit,1.74 kg,445,2024-09-09,2024-09-11,0,upstage/solar-pro-preview-instruct,Yes,Yes,Yes,No,No
148,chat,Qwen/Qwen2.5-Coder-32B-Instruct,38.75,0.73,0.66,0.43,0.35,0.44,0.44,,float16,32.764B,apache-2.0,4.69 kg,1562,2024-11-06,2024-12-10,1,Qwen/Qwen2.5-Coder-32B-Instruct (Merge),No,Yes,Yes,No,No
155,chat,allenai/Llama-3.1-Tulu-3-70B-SFT,38.72,0.81,0.6,0.32,0.34,0.5,0.46,,bfloat16,70.554B,llama3.1,27.34 kg,6,2024-11-18,2024-11-27,1,allenai/Llama-3.1-Tulu-3-70B-SFT (Merge),Yes,Yes,Yes,No,No
162,chat,mistralai/Mistral-Large-Instruct-2411,38.46,0.84,0.67,0.01,0.44,0.45,0.56,,float16,122.61B,other,26.27 kg,198,2024-11-14,2024-11-19,0,mistralai/Mistral-Large-Instruct-2411,Yes,Yes,Yes,No,No
167,pretrained,Qwen/Qwen2.5-72B,38.37,0.41,0.68,0.39,0.41,0.48,0.6,,bfloat16,72.706B,other,18.09 kg,57,2024-09-15,2024-09-19,0,Qwen/Qwen2.5-72B,No,Yes,Yes,No,No
177,chat,Qwen/Qwen2.5-72B-Instruct,38.21,0.86,0.73,0.01,0.38,0.42,0.56,,bfloat16,72.706B,other,33.01 kg,710,2024-09-16,2024-10-16,1,Qwen/Qwen2.5-72B,Yes,Yes,Yes,No,No
185,pretrained,Qwen/Qwen2.5-32B,37.98,0.41,0.68,0.35,0.41,0.5,0.58,,bfloat16,32.764B,apache-2.0,5.87 kg,91,2024-09-15,2024-09-19,0,Qwen/Qwen2.5-32B,No,Yes,Yes,No,No
190,multimodal,Qwen/Qwen2-VL-72B-Instruct,37.91,0.6,0.69,0.25,0.39,0.45,0.57,,bfloat16,73.406B,other,27.25 kg,273,2024-09-17,2024-10-20,1,Qwen/Qwen2-VL-72B-Instruct (Merge),Yes,Yes,Yes,No,No
204,merge,mlabonne/BigQwen2.5-52B-Instruct,37.56,0.79,0.71,0.19,0.3,0.41,0.55,,bfloat16,52.268B,apache-2.0,27.56 kg,5,2024-09-23,2024-09-25,1,mlabonne/BigQwen2.5-52B-Instruct (Merge),Yes,Yes,Yes,No,No
207,chat,NousResearch/Hermes-3-Llama-3.1-70B,37.48,0.77,0.68,0.15,0.36,0.49,0.47,,bfloat16,70.554B,llama3,11.21 kg,105,2024-07-29,2024-08-28,1,meta-llama/Meta-Llama-3.1-70B,Yes,Yes,Yes,No,No
241,chat,meta-llama/Llama-3.3-70B-Instruct,36.83,0.9,0.69,0.0,0.33,0.45,0.53,,bfloat16,70.554B,llama3.3,38.28 kg,1871,2024-11-26,2024-12-03,1,meta-llama/Llama-3.3-70B-Instruct (Merge),Yes,Yes,Yes,No,No
261,chat,meta-llama/Meta-Llama-3-70B-Instruct,36.51,0.81,0.65,0.25,0.29,0.42,0.52,,bfloat16,70.554B,llama3,18.24 kg,1458,2024-04-17,2024-06-12,1,meta-llama/Meta-Llama-3-70B,Yes,Yes,Yes,No,No
282,chat,Qwen/Qwen2.5-32B-Instruct,36.17,0.83,0.69,0.0,0.34,0.43,0.57,,bfloat16,32.764B,apache-2.0,5.75 kg,189,2024-09-17,2024-09-19,1,Qwen/Qwen2.5-32B,Yes,Yes,Yes,No,No
312,fine-tuned,cognitivecomputations/dolphin-2.9.2-qwen2-72b,35.75,0.63,0.63,0.21,0.37,0.45,0.55,,bfloat16,72B,other,25.12 kg,152,2024-05-27,2024-10-20,1,Qwen/Qwen2-72B,Yes,Yes,Yes,No,No
325,fine-tuned,deepseek-ai/DeepSeek-R1-Distill-Qwen-14B,35.53,0.44,0.59,0.41,0.39,0.54,0.47,,bfloat16,14.77B,mit,2.00 kg,338,2025-01-20,2025-01-20,0,deepseek-ai/DeepSeek-R1-Distill-Qwen-14B,No,Yes,Yes,No,No
326,pretrained,Qwen/Qwen2-72B,35.48,0.38,0.66,0.31,0.39,0.47,0.57,,bfloat16,72.706B,other,64.06 kg,196,2024-05-22,2024-06-26,0,Qwen/Qwen2-72B,No,Yes,Yes,No,No
329,chat,microsoft/Phi-3.5-MoE-instruct,35.46,0.69,0.64,0.23,0.36,0.46,0.47,,bfloat16,42B,mit,4.63 kg,551,2024-08-17,2024-08-21,0,microsoft/Phi-3.5-MoE-instruct,Yes,Yes,Yes,Yes,No
340,chat,tiiuae/Falcon3-10B-Instruct,35.19,0.78,0.62,0.26,0.33,0.43,0.44,,bfloat16,10.306B,other,0.84 kg,88,2024-12-14,2024-12-16,1,tiiuae/Falcon3-10B-Base,Yes,Yes,Yes,No,No
344,chat,Qwen/Qwen2-Math-72B-Instruct,35.15,0.57,0.63,0.38,0.37,0.45,0.43,,bfloat16,72.706B,other,12.17 kg,87,2024-08-08,2024-08-19,0,Qwen/Qwen2-Math-72B-Instruct,Yes,Yes,Yes,No,No
349,chat,abacusai/Smaug-Llama-3-70B-Instruct-32K,35.02,0.78,0.65,0.23,0.3,0.42,0.48,,bfloat16,70.554B,llama3,13.30 kg,21,2024-06-11,2024-08-06,0,abacusai/Smaug-Llama-3-70B-Instruct-32K,Yes,Yes,Yes,No,No
353,chat,tiiuae/Falcon3-7B-Instruct,34.91,0.76,0.56,0.32,0.31,0.48,0.41,,bfloat16,7.456B,other,0.62 kg,49,2024-11-29,2024-12-16,1,tiiuae/Falcon3-7B-Base,Yes,Yes,Yes,No,No
368,chat,nvidia/Llama-3.1-Nemotron-70B-Instruct-HF,34.58,0.74,0.63,0.29,0.26,0.43,0.49,,bfloat16,70.554B,llama3.1,13.63 kg,2014,2024-10-12,2024-10-16,2,meta-llama/Meta-Llama-3.1-70B,Yes,Yes,Yes,No,No
380,chat,microsoft/phi-4,34.25,0.68,0.69,0.12,0.34,0.41,0.54,,bfloat16,14.66B,mit,1.88 kg,1691,2024-12-11,2025-01-08,0,microsoft/phi-4,Yes,Yes,Yes,No,No
387,chat,HuggingFaceH4/zephyr-orpo-141b-A35b-v0.1,34.06,0.65,0.63,0.2,0.38,0.45,0.46,,float16,140.621B,apache-2.0,42.07 kg,265,2024-04-10,2024-06-12,1,mistral-community/Mixtral-8x22B-v0.1,Yes,Yes,Yes,No,No
400,chat,mistralai/Mixtral-8x22B-Instruct-v0.1,33.89,0.72,0.61,0.19,0.37,0.43,0.45,,bfloat16,140.621B,apache-2.0,47.15 kg,710,2024-04-16,2024-06-12,1,mistralai/Mixtral-8x22B-v0.1,Yes,Yes,Yes,Yes,No
419,chat,CohereForAI/c4ai-command-r-plus-08-2024,33.58,0.75,0.6,0.12,0.35,0.48,0.44,,float16,103.811B,cc-by-nc-4.0,22.32 kg,227,2024-08-21,2024-09-19,0,CohereForAI/c4ai-command-r-plus-08-2024,Yes,Yes,Yes,No,No
446,pretrained,Qwen/Qwen2.5-Coder-32B,33.21,0.44,0.64,0.31,0.35,0.45,0.53,,float16,32.764B,apache-2.0,4.69 kg,100,2024-11-08,2024-12-10,1,Qwen/Qwen2.5-Coder-32B (Merge),No,Yes,Yes,No,No
473,chat,microsoft/Phi-3-medium-4k-instruct,32.9,0.64,0.64,0.18,0.34,0.43,0.47,,bfloat16,13.96B,mit,1.46 kg,215,2024-05-07,2024-06-12,0,microsoft/Phi-3-medium-4k-instruct,Yes,Yes,Yes,No,No
474,chat,01-ai/Yi-1.5-34B-Chat,32.89,0.61,0.61,0.25,0.36,0.43,0.45,,bfloat16,34.389B,apache-2.0,11.21 kg,265,2024-05-10,2024-06-12,0,01-ai/Yi-1.5-34B-Chat,Yes,Yes,Yes,No,No
479,fine-tuned,Qwen/Qwen2.5-14B-Instruct-1M,32.84,0.84,0.62,0.01,0.34,0.42,0.48,,bfloat16,14.77B,apache-2.0,1.64 kg,229,2025-01-23,2025-01-26,1,Qwen/Qwen2.5-14B,Yes,Yes,Yes,No,No
501,chat,google/gemma-2-27b-it,32.32,0.8,0.65,0.01,0.38,0.4,0.45,,bfloat16,27.227B,gemma,4.83 kg,516,2024-06-24,2024-08-07,1,google/gemma-2-27b,Yes,Yes,Yes,No,No
513,chat,Qwen/Qwen2.5-14B-Instruct,32.18,0.82,0.64,0.0,0.32,0.41,0.49,,bfloat16,14.77B,apache-2.0,1.77 kg,181,2024-09-16,2024-09-18,1,Qwen/Qwen2.5-14B,Yes,Yes,Yes,No,No
520,chat,internlm/internlm2_5-20b-chat,32.08,0.7,0.75,0.0,0.32,0.46,0.4,,bfloat16,19.86B,other,3.73 kg,89,2024-07-30,2024-08-12,0,internlm/internlm2_5-20b-chat,Yes,Yes,Yes,No,No
540,pretrained,Qwen/Qwen2.5-14B,31.75,0.37,0.62,0.28,0.38,0.45,0.52,,bfloat16,14.77B,apache-2.0,5.59 kg,83,2024-09-15,2024-09-19,0,Qwen/Qwen2.5-14B,No,Yes,Yes,No,No
544,chat,microsoft/Phi-3-medium-128k-instruct,31.71,0.6,0.64,0.17,0.34,0.41,0.47,,bfloat16,13.96B,mit,1.95 kg,378,2024-05-07,2024-08-21,0,microsoft/Phi-3-medium-128k-instruct,Yes,Yes,Yes,No,No
554,fine-tuned,mlabonne/Hermes-3-Llama-3.1-70B-lorablated,31.54,0.34,0.67,0.21,0.37,0.5,0.47,,bfloat16,70.554B,-,30.88 kg,26,2024-08-16,2024-11-27,1,mlabonne/Hermes-3-Llama-3.1-70B-lorablated (Merge),No,Yes,Yes,No,No
570,chat,Qwen/Qwen2.5-Coder-14B-Instruct,31.18,0.69,0.61,0.27,0.3,0.39,0.39,,bfloat16,14.77B,apache-2.0,1.38 kg,78,2024-11-06,2024-11-12,1,Qwen/Qwen2.5-Coder-14B-Instruct (Merge),Yes,Yes,Yes,No,No
578,chat,CohereForAI/c4ai-command-r7b-12-2024,31.08,0.77,0.55,0.27,0.31,0.41,0.36,,bfloat16,8.028B,cc-by-nc-4.0,2.45 kg,351,2024-12-11,2024-12-20,0,CohereForAI/c4ai-command-r7b-12-2024,Yes,Yes,Yes,No,No
586,chat,CohereForAI/c4ai-command-r-plus,30.96,0.77,0.58,0.08,0.31,0.48,0.4,,float16,103.811B,cc-by-nc-4.0,28.63 kg,1704,2024-04-03,2024-06-13,0,CohereForAI/c4ai-command-r-plus,Yes,Yes,Yes,No,No
614,fine-tuned,nvidia/AceInstruct-72B,30.66,0.71,0.61,0.04,0.32,0.42,0.49,,bfloat16,72.706B,cc-by-nc-4.0,40.39 kg,11,2025-01-15,2025-01-24,0,nvidia/AceInstruct-72B,Yes,Yes,Yes,No,No
620,chat,internlm/internlm2_5-7b-chat,30.58,0.61,0.71,0.09,0.33,0.44,0.37,,float16,7.738B,other,1.45 kg,187,2024-06-27,2024-07-03,0,internlm/internlm2_5-7b-chat,Yes,Yes,Yes,No,No
622,chat,ibm-granite/granite-3.1-8b-instruct,30.55,0.72,0.54,0.22,0.31,0.47,0.35,,float16,8.171B,apache-2.0,0.62 kg,137,2024-12-06,2024-12-16,1,ibm-granite/granite-3.1-8b-instruct (Merge),Yes,Yes,Yes,No,No
626,chat,Qwen/QwQ-32B-Preview,30.44,0.4,0.67,0.23,0.28,0.41,0.57,,bfloat16,32.764B,apache-2.0,10.21 kg,1608,2024-11-27,2024-11-29,2,Qwen/Qwen2.5-32B,Yes,Yes,Yes,No,No
634,merge,mlabonne/BigQwen2.5-Echo-47B-Instruct,30.32,0.74,0.61,0.04,0.31,0.41,0.47,,bfloat16,47.392B,apache-2.0,8.52 kg,3,2024-09-23,2024-09-24,1,mlabonne/BigQwen2.5-Echo-47B-Instruct (Merge),Yes,Yes,Yes,No,No
690,pretrained,Qwen/Qwen1.5-110B,29.85,0.34,0.61,0.25,0.35,0.44,0.54,,bfloat16,111.21B,other,71.27 kg,93,2024-04-25,2024-06-13,0,Qwen/Qwen1.5-110B,No,Yes,Yes,No,No
697,fine-tuned,mistralai/Mistral-Small-Instruct-2409,29.82,0.63,0.58,0.2,0.33,0.41,0.41,,float16,22.247B,other,1.61 kg,378,2024-09-17,2024-09-25,0,mistralai/Mistral-Small-Instruct-2409,No,Yes,Yes,No,No
698,chat,Qwen/Qwen2-57B-A14B-Instruct,29.78,0.63,0.59,0.09,0.33,0.44,0.46,,bfloat16,57.409B,apache-2.0,42.51 kg,79,2024-06-04,2024-08-14,1,Qwen/Qwen2-57B-A14B,Yes,Yes,Yes,No,No
710,chat,microsoft/Phi-3-small-8k-instruct,29.67,0.65,0.62,0.03,0.31,0.46,0.45,,bfloat16,7.392B,mit,1.03 kg,160,2024-05-07,2024-06-13,0,microsoft/Phi-3-small-8k-instruct,Yes,Yes,Yes,No,No
714,chat,Qwen/Qwen2.5-Math-72B-Instruct,29.65,0.4,0.65,0.19,0.33,0.45,0.48,,bfloat16,72.706B,other,28.68 kg,24,2024-09-16,2024-09-29,2,Qwen/Qwen2.5-72B,Yes,Yes,Yes,No,No
727,fine-tuned,abacusai/Smaug-72B-v0.1,29.57,0.52,0.6,0.18,0.32,0.45,0.46,,bfloat16,72.289B,other,38.82 kg,468,2024-02-02,2024-06-12,1,moreh/MoMo-72B-lora-1.8.7-DPO,No,Yes,Yes,No,No
735,pretrained,microsoft/phi-4,29.48,0.05,0.67,0.28,0.4,0.5,0.53,,float16,14.66B,mit,0.88 kg,1691,2024-12-11,2025-01-08,0,microsoft/phi-4,No,Yes,Yes,No,No
750,chat,CohereForAI/aya-expanse-32b,29.39,0.73,0.56,0.13,0.33,0.39,0.41,,float16,32.296B,cc-by-nc-4.0,5.52 kg,206,2024-10-23,2024-10-24,0,CohereForAI/aya-expanse-32b,Yes,Yes,Yes,No,No
768,chat,01-ai/Yi-1.5-34B-Chat-16K,29.24,0.46,0.61,0.2,0.34,0.44,0.45,,bfloat16,34.389B,apache-2.0,3.39 kg,26,2024-05-15,2024-07-15,0,01-ai/Yi-1.5-34B-Chat-16K,Yes,Yes,Yes,No,No
770,chat,Qwen/Qwen1.5-110B-Chat,29.22,0.59,0.62,0.0,0.34,0.45,0.48,,bfloat16,111.21B,other,72.57 kg,123,2024-04-25,2024-06-12,0,Qwen/Qwen1.5-110B-Chat,Yes,Yes,Yes,No,No
805,chat,google/gemma-2-9b-it,28.86,0.74,0.6,0.0,0.36,0.41,0.39,,bfloat16,9B,gemma,5.01 kg,645,2024-06-24,2024-07-11,1,google/gemma-2-9b,Yes,Yes,Yes,No,No
844,chat,microsoft/Phi-3-small-128k-instruct,28.59,0.64,0.62,0.0,0.32,0.44,0.45,,bfloat16,7.392B,mit,2.51 kg,173,2024-05-07,2024-06-13,0,microsoft/Phi-3-small-128k-instruct,Yes,Yes,Yes,No,No
868,multimodal,rhymes-ai/Aria,28.35,0.48,0.57,0.16,0.36,0.43,0.44,,bfloat16,25.307B,apache-2.0,7.75 kg,611,2024-09-26,2024-10-10,1,rhymes-ai/Aria (Merge),Yes,Yes,Yes,Yes,No
883,chat,meta-llama/Meta-Llama-3.1-8B-Instruct,28.2,0.79,0.51,0.19,0.27,0.39,0.38,,bfloat16,8.03B,llama3.1,2.49 kg,3582,2024-07-18,2024-08-15,1,meta-llama/Meta-Llama-3.1-8B,Yes,Yes,Yes,No,No
911,fine-tuned,cognitivecomputations/dolphin-2.9.1-yi-1.5-34b,27.9,0.39,0.61,0.16,0.34,0.46,0.45,,bfloat16,34.389B,apache-2.0,2.99 kg,34,2024-05-18,2024-07-27,1,01-ai/Yi-1.5-34B,Yes,Yes,Yes,No,No
914,chat,01-ai/Yi-1.5-9B-Chat,27.89,0.6,0.56,0.13,0.33,0.43,0.4,,bfloat16,8.829B,apache-2.0,0.73 kg,139,2024-05-10,2024-06-12,0,01-ai/Yi-1.5-9B-Chat,Yes,Yes,Yes,No,No
933,chat,tiiuae/Falcon3-Mamba-7B-Instruct,27.64,0.72,0.47,0.27,0.3,0.39,0.34,,bfloat16,7.273B,other,0.83 kg,20,2024-12-13,2024-12-13,1,tiiuae/Falcon3-Mamba-7B-Instruct (Merge),Yes,Yes,Yes,No,No
935,pretrained,tiiuae/Falcon3-10B-Base,27.59,0.36,0.6,0.25,0.35,0.44,0.42,,bfloat16,10.306B,other,0.81 kg,33,2024-12-03,2024-12-12,0,tiiuae/Falcon3-10B-Base,No,Yes,Yes,No,No
936,chat,microsoft/Phi-3.5-mini-instruct,27.57,0.58,0.55,0.16,0.34,0.4,0.4,,bfloat16,3.821B,mit,3.70 kg,790,2024-08-16,2024-08-21,0,microsoft/Phi-3.5-mini-instruct,Yes,Yes,Yes,No,No
945,chat,microsoft/Phi-3-mini-4k-instruct,27.41,0.55,0.55,0.15,0.33,0.43,0.4,,float16,3.821B,mit,0.79 kg,1128,2024-04-22,2024-07-02,0,microsoft/Phi-3-mini-4k-instruct,Yes,Yes,Yes,No,No
958,chat,NousResearch/Nous-Hermes-2-Mixtral-8x7B-DPO,27.29,0.59,0.55,0.12,0.32,0.46,0.37,,bfloat16,46.703B,apache-2.0,12.87 kg,421,2024-01-11,2024-07-27,1,mistralai/Mixtral-8x7B-v0.1,Yes,Yes,Yes,Yes,No
966,chat,Qwen/Qwen1.5-32B-Chat,27.19,0.55,0.61,0.07,0.31,0.42,0.45,,bfloat16,32.512B,other,46.06 kg,108,2024-04-03,2024-06-12,0,Qwen/Qwen1.5-32B-Chat,Yes,Yes,Yes,No,No
970,merge,mlabonne/NeuralDaredevil-8B-abliterated,27.15,0.76,0.51,0.09,0.31,0.4,0.38,,float16,8.03B,llama3,2.71 kg,176,2024-05-27,2024-07-25,0,mlabonne/NeuralDaredevil-8B-abliterated,Yes,Yes,Yes,No,No
979,fine-tuned,cognitivecomputations/dolphin-2.9.3-Yi-1.5-34B-32k,27.07,0.36,0.6,0.17,0.34,0.43,0.46,,bfloat16,34B,apache-2.0,3.25 kg,18,2024-06-23,2024-07-27,1,01-ai/Yi-1.5-34B-32k,Yes,Yes,Yes,No,No
980,pretrained,mistralai/Mistral-Small-24B-Base-2501,27.07,0.17,0.64,0.19,0.39,0.42,0.54,,bfloat16,23.572B,apache-2.0,2.86 kg,200,2025-01-23,2025-01-30,0,mistralai/Mistral-Small-24B-Base-2501,No,Yes,Yes,No,No
982,pretrained,Qwen/Qwen1.5-32B,27.02,0.33,0.57,0.29,0.33,0.43,0.45,,bfloat16,32.512B,other,59.97 kg,83,2024-04-01,2024-06-13,0,Qwen/Qwen1.5-32B,No,Yes,Yes,No,No
986,chat,deepseek-ai/deepseek-llm-67b-chat,27.0,0.56,0.52,0.07,0.32,0.51,0.39,,bfloat16,67B,other,59.82 kg,193,2023-11-29,2024-06-12,0,deepseek-ai/deepseek-llm-67b-chat,Yes,Yes,Yes,No,No
998,chat,Qwen/Qwen2.5-7B-Instruct,26.87,0.76,0.54,0.0,0.29,0.4,0.43,,bfloat16,7.616B,apache-2.0,2.17 kg,464,2024-09-16,2024-09-18,1,Qwen/Qwen2.5-7B,Yes,Yes,Yes,No,No
1019,pretrained,01-ai/Yi-1.5-34B-32K,26.68,0.31,0.6,0.15,0.36,0.44,0.47,,bfloat16,34.389B,apache-2.0,11.58 kg,36,2024-05-15,2024-06-12,0,01-ai/Yi-1.5-34B-32K,No,Yes,Yes,No,No
1022,pretrained,meta-llama/Meta-Llama-3-70B,26.67,0.16,0.65,0.18,0.4,0.45,0.47,,bfloat16,70.554B,llama3,23.41 kg,848,2024-04-17,2024-06-12,0,meta-llama/Meta-Llama-3-70B,No,Yes,Yes,No,No
1038,chat,tiiuae/Falcon3-3B-Instruct,26.55,0.7,0.48,0.25,0.29,0.41,0.3,,bfloat16,3.228B,other,0.48 kg,24,2024-12-14,2024-12-16,0,tiiuae/Falcon3-3B-Instruct,Yes,Yes,Yes,No,No
1055,chat,mistralai/Mistral-Small-Instruct-2409,26.26,0.67,0.52,0.14,0.32,0.36,0.4,,bfloat16,22.05B,other,1.38 kg,378,2024-09-17,2024-09-19,0,mistralai/Mistral-Small-Instruct-2409,Yes,Yes,Yes,No,No
1057,pretrained,meta-llama/Meta-Llama-3.1-70B,26.2,0.17,0.63,0.18,0.39,0.46,0.47,,bfloat16,70.554B,llama3.1,13.60 kg,344,2024-07-14,2024-07-23,0,meta-llama/Meta-Llama-3.1-70B,Yes,Yes,Yes,No,No
1058,chat,speakleash/Bielik-11B-v2.3-Instruct,26.19,0.56,0.57,0.08,0.34,0.45,0.34,,float16,11.169B,apache-2.0,0.91 kg,36,2024-08-30,2024-10-16,1,speakleash/Bielik-11B-v2.3-Instruct (Merge),Yes,Yes,Yes,No,No
1062,fine-tuned,Qwen/Qwen2.5-7B-Instruct-1M,26.14,0.74,0.54,0.04,0.3,0.41,0.35,,bfloat16,7.616B,apache-2.0,0.63 kg,186,2025-01-23,2025-01-26,1,Qwen/Qwen2.5-7B,Yes,Yes,Yes,No,No
1076,chat,allenai/Llama-3.1-Tulu-3-8B,26.03,0.83,0.4,0.2,0.3,0.42,0.28,,bfloat16,8.03B,llama3.1,0.70 kg,142,2024-11-20,2024-11-21,1,allenai/Llama-3.1-Tulu-3-8B (Merge),Yes,Yes,Yes,No,No
1082,chat,microsoft/Phi-3-mini-4k-instruct,25.97,0.56,0.57,0.12,0.32,0.4,0.39,,bfloat16,3.821B,mit,0.80 kg,1128,2024-04-22,2024-06-12,0,microsoft/Phi-3-mini-4k-instruct,Yes,Yes,Yes,No,No
1094,chat,allenai/Llama-3.1-Tulu-3-8B,25.88,0.83,0.41,0.19,0.3,0.42,0.28,,float16,8.03B,llama3.1,0.70 kg,142,2024-11-20,2024-11-28,1,allenai/Llama-3.1-Tulu-3-8B (Merge),Yes,Yes,Yes,No,No
1107,pretrained,mistral-community/mixtral-8x22B-v0.3,25.79,0.26,0.63,0.18,0.38,0.4,0.46,,bfloat16,140.63B,apache-2.0,52.49 kg,3,2024-05-25,2024-06-13,0,mistral-community/mixtral-8x22B-v0.3,No,Yes,Yes,Yes,No
1118,pretrained,mistralai/Mixtral-8x22B-v0.1,25.73,0.26,0.62,0.18,0.38,0.4,0.46,,bfloat16,140.621B,apache-2.0,104.70 kg,209,2024-04-16,2024-06-12,0,mistralai/Mixtral-8x22B-v0.1,No,Yes,Yes,Yes,No
1125,chat,cognitivecomputations/dolphin-2.9.2-Phi-3-Medium,25.67,0.42,0.65,0.01,0.33,0.42,0.46,,bfloat16,-1B,mit,0.84 kg,20,2024-05-31,2024-08-05,1,cognitivecomputations/dolphin-2.9.2-Phi-3-Medium (Merge),Yes,Yes,Yes,No,No
1131,chat,microsoft/Phi-3-mini-128k-instruct,25.63,0.6,0.56,0.1,0.32,0.39,0.37,,bfloat16,3.821B,mit,24.22 kg,1632,2024-04-22,2024-08-21,0,microsoft/Phi-3-mini-128k-instruct,Yes,Yes,Yes,No,No
1133,pretrained,01-ai/Yi-1.5-34B,25.62,0.28,0.6,0.15,0.37,0.42,0.47,,bfloat16,34.389B,apache-2.0,11.35 kg,47,2024-05-11,2024-06-12,0,01-ai/Yi-1.5-34B,No,Yes,Yes,No,No
1134,chat,allenai/Llama-3.1-Tulu-3-8B-DPO,25.62,0.8,0.41,0.19,0.29,0.42,0.29,,bfloat16,8B,llama3.1,0.67 kg,22,2024-11-20,2024-11-22,1,allenai/Llama-3.1-Tulu-3-8B-DPO (Merge),Yes,Yes,Yes,No,No
1135,fine-tuned,cognitivecomputations/dolphin-2.9.2-Phi-3-Medium-abliterated,25.62,0.41,0.64,0.01,0.33,0.43,0.45,,bfloat16,13.96B,mit,0.82 kg,17,2024-06-03,2024-08-05,1,cognitivecomputations/dolphin-2.9.2-Phi-3-Medium-abliterated (Merge),Yes,Yes,Yes,No,No
1137,fine-tuned,cognitivecomputations/dolphin-2.9.2-Phi-3-Medium-abliterated,25.59,0.36,0.61,0.12,0.33,0.41,0.45,,float16,13.96B,mit,0.84 kg,17,2024-06-03,2024-06-27,1,cognitivecomputations/dolphin-2.9.2-Phi-3-Medium-abliterated (Merge),No,Yes,Yes,No,No
1162,chat,CohereForAI/c4ai-command-r-v01,25.35,0.67,0.54,0.0,0.31,0.45,0.34,,float16,34.981B,cc-by-nc-4.0,13.40 kg,1074,2024-03-11,2024-06-13,0,CohereForAI/c4ai-command-r-v01,Yes,Yes,Yes,No,No
1182,chat,databricks/dbrx-instruct,25.2,0.54,0.54,0.07,0.34,0.43,0.37,,bfloat16,131.597B,other,47.96 kg,1110,2024-03-26,2024-06-12,0,databricks/dbrx-instruct,Yes,Yes,Yes,No,No
1195,pretrained,Qwen/Qwen2-57B-A14B,25.03,0.31,0.56,0.19,0.31,0.42,0.49,,bfloat16,57.409B,apache-2.0,107.03 kg,48,2024-05-22,2024-06-13,0,Qwen/Qwen2-57B-A14B,No,Yes,Yes,Yes,No
1200,pretrained,Qwen/Qwen2.5-7B,24.99,0.34,0.54,0.19,0.32,0.44,0.44,,bfloat16,7.616B,apache-2.0,3.03 kg,113,2024-09-15,2024-09-19,0,Qwen/Qwen2.5-7B,No,Yes,Yes,No,No
1202,fine-tuned,cognitivecomputations/Dolphin3.0-Llama3.1-8B,24.97,0.76,0.49,0.1,0.28,0.37,0.3,,float16,8.03B,llama3.1,0.62 kg,133,2024-12-29,2025-01-05,1,cognitivecomputations/Dolphin3.0-Llama3.1-8B (Merge),Yes,Yes,Yes,No,No
1206,fine-tuned,cognitivecomputations/dolphin-2.9.1-yi-1.5-9b,24.93,0.45,0.55,0.11,0.34,0.43,0.4,,bfloat16,8.829B,apache-2.0,1.05 kg,26,2024-05-18,2024-08-02,1,01-ai/Yi-1.5-9B,Yes,Yes,Yes,No,No
1209,chat,Qwen/Qwen2-7B-Instruct,24.9,0.57,0.55,0.09,0.3,0.39,0.38,,bfloat16,7.616B,apache-2.0,1.04 kg,611,2024-06-04,2024-06-12,1,Qwen/Qwen2-7B,Yes,Yes,Yes,No,No
1229,fine-tuned,NousResearch/Hermes-2-Theta-Llama-3-8B,24.78,0.65,0.52,0.1,0.3,0.39,0.34,,bfloat16,8.03B,apache-2.0,0.74 kg,198,2024-05-05,2024-07-11,2,NousResearch/Meta-Llama-3-8B,Yes,Yes,Yes,No,No
,,,,,,,,,,,,,,,,,,,,,,,,
1230,chat,speakleash/Bielik-11B-v2.2-Instruct,24.77,0.56,0.56,0.08,0.33,0.42,0.35,,bfloat16,11.169B,apache-2.0,1.46 kg,58,2024-08-26,2024-10-16,1,speakleash/Bielik-11B-v2,Yes,Yes,Yes,No,No
1231,pretrained,Qwen/Qwen2.5-Coder-14B,24.77,0.35,0.59,0.22,0.29,0.39,0.45,,bfloat16,14.77B,apache-2.0,3.63 kg,27,2024-11-08,2024-11-12,1,Qwen/Qwen2.5-Coder-14B (Merge),Yes,Yes,Yes,No,No
1232,chat,nvidia/AceMath-72B-Instruct,24.76,0.49,0.64,0.0,0.27,0.41,0.44,,bfloat16,72.706B,cc-by-nc-4.0,44.01 kg,6,2025-01-14,2025-01-24,0,nvidia/AceMath-72B-Instruct,Yes,Yes,Yes,No,No
1237,pretrained,tiiuae/Falcon3-7B-Base,24.72,0.34,0.51,0.19,0.35,0.47,0.39,,bfloat16,7.456B,other,0.61 kg,23,2024-11-21,2024-12-12,0,tiiuae/Falcon3-7B-Base,No,Yes,Yes,No,No
1246,fine-tuned,cognitivecomputations/dolphin-2.9.3-mistral-nemo-12b,24.68,0.56,0.55,0.06,0.32,0.44,0.34,,bfloat16,12.248B,apache-2.0,1.38 kg,98,2024-07-23,2024-07-26,1,mistralai/Mistral-Nemo-Base-2407,Yes,Yes,Yes,No,No
1247,chat,CohereForAI/aya-23-35B,24.68,0.65,0.54,0.03,0.29,0.43,0.34,,float16,34.981B,cc-by-nc-4.0,16.99 kg,270,2024-05-19,2024-06-12,0,CohereForAI/aya-23-35B,Yes,Yes,Yes,No,No
1286,chat,argilla/notux-8x7b-v1,24.43,0.54,0.54,0.1,0.31,0.42,0.37,,bfloat16,46.703B,apache-2.0,21.39 kg,165,2023-12-12,2024-06-12,2,mistralai/Mixtral-8x7B-v0.1,Yes,Yes,Yes,Yes,No
1290,chat,speakleash/Bielik-11B-v2.0-Instruct,24.42,0.53,0.54,0.1,0.32,0.45,0.34,,bfloat16,11.169B,apache-2.0,0.89 kg,4,2024-08-26,2024-10-16,1,speakleash/Bielik-11B-v2,Yes,Yes,Yes,No,No
1314,fine-tuned,nvidia/AceInstruct-7B,24.3,0.54,0.55,0.0,0.31,0.43,0.42,,bfloat16,7.616B,cc-by-nc-4.0,0.93 kg,5,2025-01-15,2025-01-24,0,nvidia/AceInstruct-7B,Yes,Yes,Yes,No,No
1337,multimodal,Qwen/Qwen2-VL-7B-Instruct,24.21,0.46,0.55,0.06,0.32,0.44,0.41,,bfloat16,8.291B,apache-2.0,1.05 kg,1107,2024-08-28,2024-10-20,1,Qwen/Qwen2-VL-7B-Instruct (Merge),Yes,Yes,Yes,No,No
1348,chat,deepseek-ai/DeepSeek-R1-Distill-Llama-70B,24.17,0.43,0.56,0.09,0.27,0.43,0.47,,bfloat16,70.554B,mit,59.27 kg,497,2025-01-20,2025-01-22,0,deepseek-ai/DeepSeek-R1-Distill-Llama-70B,Yes,Yes,Yes,No,No
1362,chat,meta-llama/Llama-3.2-3B-Instruct,24.12,0.74,0.46,0.17,0.28,0.35,0.32,,bfloat16,3.213B,llama3.2,1.27 kg,958,2024-09-18,2024-09-27,0,meta-llama/Llama-3.2-3B-Instruct,Yes,Yes,Yes,No,No
1402,chat,01-ai/Yi-34B-Chat,23.96,0.47,0.56,0.05,0.34,0.4,0.41,,bfloat16,34.389B,apache-2.0,12.56 kg,348,2023-11-22,2024-06-12,0,01-ai/Yi-34B-Chat,Yes,Yes,Yes,No,No
1407,pretrained,Qwen/Qwen2-7B,23.94,0.31,0.53,0.2,0.3,0.44,0.42,,bfloat16,7.616B,apache-2.0,1.28 kg,151,2024-06-04,2024-06-09,0,Qwen/Qwen2-7B,No,Yes,Yes,No,No
1414,chat,meta-llama/Meta-Llama-3-8B-Instruct,23.91,0.74,0.5,0.09,0.26,0.36,0.37,,bfloat16,8.03B,llama3,0.80 kg,3799,2024-04-17,2024-06-12,0,meta-llama/Meta-Llama-3-8B-Instruct,Yes,Yes,Yes,No,No
1427,chat,ibm-granite/granite-3.0-8b-instruct,23.86,0.53,0.52,0.13,0.33,0.39,0.35,,bfloat16,8.171B,apache-2.0,1.71 kg,199,2024-10-02,2024-10-20,1,ibm-granite/granite-3.0-8b-instruct (Merge),Yes,Yes,Yes,No,No
1430,pretrained,google/gemma-2-27b,23.85,0.25,0.56,0.16,0.35,0.44,0.44,,bfloat16,27.227B,gemma,5.61 kg,195,2024-06-24,2024-08-24,0,google/gemma-2-27b,No,Yes,Yes,No,No
1431,chat,mistralai/Mixtral-8x7B-Instruct-v0.1,23.84,0.56,0.5,0.09,0.3,0.42,0.37,,bfloat16,46.703B,apache-2.0,13.76 kg,4287,2023-12-10,2024-06-12,1,mistralai/Mixtral-8x7B-v0.1,Yes,Yes,Yes,Yes,No
1453,chat,abacusai/Smaug-34B-v0.1,23.76,0.5,0.54,0.0,0.33,0.4,0.45,,bfloat16,34.389B,apache-2.0,11.79 kg,60,2024-01-25,2024-06-12,1,jondurbin/bagel-34b-v0.2,Yes,Yes,Yes,No,No
1464,pretrained,meta-llama/Llama-3.1-8B-Instruct,23.74,0.49,0.51,0.15,0.32,0.4,0.38,,float16,8.03B,llama3.1,1.41 kg,3582,2024-07-18,2025-02-06,1,meta-llama/Meta-Llama-3.1-8B,No,Yes,Yes,No,No
1484,chat,mistralai/Mistral-Nemo-Instruct-2407,23.63,0.64,0.5,0.06,0.29,0.39,0.35,,bfloat16,12.248B,apache-2.0,3.00 kg,1442,2024-07-17,2024-08-29,1,mistralai/Mistral-Nemo-Base-2407,Yes,Yes,Yes,No,No
1512,chat,NousResearch/Hermes-3-Llama-3.1-8B,23.49,0.62,0.52,0.05,0.3,0.44,0.31,,bfloat16,8.03B,llama3,0.91 kg,290,2024-07-28,2024-08-28,1,meta-llama/Meta-Llama-3.1-8B,Yes,Yes,Yes,No,No
1522,chat,cognitivecomputations/dolphin-2.9.1-llama-3-70b,23.44,0.38,0.52,0.06,0.31,0.5,0.41,,bfloat16,70.554B,llama3,12.15 kg,41,2024-05-22,2024-06-27,1,meta-llama/Meta-Llama-3-70B,Yes,Yes,Yes,No,No
1540,chat,NousResearch/Nous-Hermes-2-SOLAR-10.7B,23.36,0.53,0.54,0.05,0.29,0.44,0.35,,bfloat16,10.732B,apache-2.0,0.64 kg,204,2024-01-01,2024-06-12,1,upstage/SOLAR-10.7B-v1.0,Yes,Yes,Yes,No,No
1551,fine-tuned,mlabonne/Meta-Llama-3.1-8B-Instruct-abliterated,23.29,0.73,0.49,0.07,0.26,0.36,0.35,,bfloat16,8.03B,llama3.1,2.45 kg,151,2024-07-24,2024-10-13,2,meta-llama/Meta-Llama-3.1-8B,Yes,Yes,Yes,No,No
1553,fine-tuned,CausalLM/34b-beta,23.29,0.3,0.56,0.05,0.35,0.37,0.53,,float16,34.389B,gpl-3.0,2.93 kg,62,2024-02-06,2024-06-26,0,CausalLM/34b-beta,No,Yes,Yes,No,No
1554,pretrained,mistralai/Codestral-22B-v0.1,23.28,0.58,0.51,0.1,0.3,0.42,0.32,,bfloat16,22.247B,other,1.31 kg,1211,2024-05-29,2024-09-28,0,mistralai/Codestral-22B-v0.1,Yes,Yes,Yes,No,No
1612,chat,01-ai/Yi-1.5-9B-Chat-16K,23.04,0.42,0.52,0.13,0.31,0.41,0.4,,bfloat16,8.829B,apache-2.0,0.79 kg,35,2024-05-15,2024-06-12,0,01-ai/Yi-1.5-9B-Chat-16K,Yes,Yes,Yes,No,No
1627,chat,LLM360/K2-Chat,22.94,0.52,0.54,0.02,0.31,0.46,0.34,,bfloat16,65.286B,apache-2.0,17.26 kg,35,2024-05-22,2024-06-12,0,LLM360/K2-Chat,Yes,Yes,Yes,No,No
1643,chat,speakleash/Bielik-11B-v2.1-Instruct,22.85,0.51,0.55,0.01,0.34,0.42,0.34,,bfloat16,11.169B,apache-2.0,1.31 kg,3,2024-08-26,2024-10-16,1,speakleash/Bielik-11B-v2,Yes,Yes,Yes,No,No
1648,fine-tuned,openchat/openchat-3.6-8b-20240522,22.83,0.53,0.53,0.08,0.32,0.4,0.32,,bfloat16,8.03B,llama3,3.27 kg,151,2024-05-07,2024-06-26,1,meta-llama/Meta-Llama-3-8B,Yes,Yes,Yes,No,No
1655,chat,refuelai/Llama-3-Refueled,22.8,0.46,0.59,0.04,0.3,0.45,0.31,,bfloat16,8.03B,cc-by-nc-4.0,0.88 kg,192,2024-05-03,2024-06-12,0,refuelai/Llama-3-Refueled,Yes,Yes,Yes,No,No
1681,chat,openchat/openchat-3.5-1210,22.69,0.6,0.45,0.08,0.3,0.44,0.31,,bfloat16,7.242B,apache-2.0,0.52 kg,274,2023-12-12,2024-06-12,1,mistralai/Mistral-7B-v0.1,Yes,Yes,Yes,No,No
1682,fine-tuned,stabilityai/StableBeluga2,22.68,0.38,0.58,0.04,0.32,0.47,0.33,,bfloat16,68.977B,-,6.25 kg,883,2023-07-20,2024-06-13,0,stabilityai/StableBeluga2,No,Yes,Yes,No,No
1689,fine-tuned,openchat/openchat-3.5-0106,22.66,0.6,0.46,0.07,0.31,0.43,0.33,,bfloat16,7.242B,apache-2.0,2.35 kg,351,2024-01-07,2024-06-27,1,mistralai/Mistral-7B-v0.1,Yes,Yes,Yes,No,No
1715,chat,allenai/Llama-3.1-Tulu-3-8B-SFT,22.53,0.74,0.39,0.11,0.28,0.43,0.28,,bfloat16,8.03B,llama3.1,0.68 kg,22,2024-11-18,2024-11-22,1,allenai/Llama-3.1-Tulu-3-8B-SFT (Merge),Yes,Yes,Yes,No,No
1716,chat,Qwen/Qwen2.5-Coder-7B-Instruct,22.52,0.61,0.5,0.03,0.29,0.41,0.34,,float16,7.616B,apache-2.0,0.70 kg,403,2024-09-17,2024-11-07,1,Qwen/Qwen2.5-Coder-7B-Instruct (Merge),Yes,Yes,Yes,No,No
1734,chat,Qwen/Qwen2.5-Coder-7B-Instruct,22.43,0.61,0.5,0.03,0.29,0.41,0.34,,bfloat16,7.616B,apache-2.0,1.78 kg,403,2024-09-17,2024-11-07,1,Qwen/Qwen2.5-Coder-7B-Instruct (Merge),Yes,Yes,Yes,No,No
1743,pretrained,01-ai/Yi-34B,22.39,0.3,0.55,0.05,0.37,0.41,0.44,,bfloat16,34.389B,apache-2.0,12.83 kg,1291,2023-11-01,2024-06-12,0,01-ai/Yi-34B,No,Yes,Yes,No,No
1751,fine-tuned,WizardLMTeam/WizardLM-70B-V1.0,22.36,0.5,0.56,0.04,0.27,0.44,0.34,,float16,70B,llama2,29.10 kg,235,2023-08-09,2024-06-12,0,WizardLMTeam/WizardLM-70B-V1.0,No,Yes,Yes,No,No
1757,fine-tuned,mlabonne/Daredevil-8B,22.31,0.45,0.52,0.1,0.31,0.39,0.38,,bfloat16,8.03B,other,1.51 kg,36,2024-05-25,2024-07-02,1,mlabonne/Daredevil-8B (Merge),Yes,Yes,Yes,No,No
1766,chat,abacusai/Smaug-Mixtral-v0.1,22.24,0.56,0.52,0.0,0.3,0.43,0.34,,bfloat16,46.703B,apache-2.0,3.94 kg,12,2024-02-18,2024-08-30,0,abacusai/Smaug-Mixtral-v0.1,Yes,Yes,Yes,Yes,No
1780,chat,CohereForAI/aya-expanse-8b,22.14,0.64,0.5,0.07,0.3,0.37,0.3,,float16,8.028B,cc-by-nc-4.0,1.17 kg,329,2024-10-23,2024-10-24,0,CohereForAI/aya-expanse-8b,Yes,Yes,Yes,No,No
1781,pretrained,01-ai/Yi-1.5-9B,22.14,0.29,0.51,0.11,0.38,0.43,0.39,,bfloat16,8.829B,apache-2.0,0.73 kg,47,2024-05-11,2024-06-12,0,01-ai/Yi-1.5-9B,No,Yes,Yes,No,No
1801,chat,mistralai/Ministral-8B-Instruct-2410,22.01,0.59,0.48,0.06,0.28,0.41,0.33,,bfloat16,8.02B,other,0.80 kg,418,2024-10-15,2024-12-01,0,mistralai/Ministral-8B-Instruct-2410,Yes,Yes,Yes,No,No
1836,chat,NousResearch/Nous-Hermes-2-Mixtral-8x7B-SFT,21.84,0.57,0.51,0.02,0.3,0.42,0.31,,bfloat16,46.703B,apache-2.0,10.39 kg,56,2023-12-26,2024-06-12,1,mistralai/Mixtral-8x7B-v0.1,Yes,Yes,Yes,Yes,No
1866,chat,nvidia/Mistral-NeMo-Minitron-8B-Instruct,21.72,0.5,0.53,0.01,0.29,0.39,0.4,,bfloat16,8.414B,other,1.99 kg,72,2024-10-02,2024-10-04,1,nvidia/Mistral-NeMo-Minitron-8B-Instruct (Merge),Yes,Yes,Yes,No,No
1870,chat,NousResearch/Hermes-2-Pro-Llama-3-8B,21.7,0.54,0.51,0.06,0.29,0.43,0.31,,float16,8.031B,llama3,0.75 kg,416,2024-04-30,2024-06-13,1,NousResearch/Meta-Llama-3-8B,Yes,Yes,Yes,No,No
1873,chat,NousResearch/Hermes-2-Pro-Mistral-7B,21.7,0.57,0.5,0.05,0.27,0.44,0.29,,bfloat16,7.242B,apache-2.0,0.47 kg,489,2024-03-11,2024-06-12,1,mistralai/Mistral-7B-v0.1,Yes,Yes,Yes,No,No
1882,pretrained,ibm-granite/granite-3.0-8b-base,21.65,0.46,0.49,0.1,0.33,0.41,0.33,,bfloat16,8.171B,apache-2.0,1.89 kg,22,2024-10-02,2024-10-20,0,ibm-granite/granite-3.0-8b-base,No,Yes,Yes,No,No
1883,chat,openchat/openchat_3.5,21.65,0.59,0.44,0.07,0.3,0.42,0.32,,bfloat16,7B,apache-2.0,0.50 kg,1118,2023-10-30,2024-06-12,0,openchat/openchat_3.5,Yes,Yes,Yes,No,No
1915,fine-tuned,mlabonne/NeuralDaredevil-8B-abliterated,21.5,0.42,0.51,0.09,0.3,0.41,0.38,,bfloat16,8.03B,llama3,0.99 kg,176,2024-05-27,2024-06-27,0,mlabonne/NeuralDaredevil-8B-abliterated,No,Yes,Yes,No,No
1928,fine-tuned,Intel/neural-chat-7b-v3-2,21.43,0.5,0.5,0.05,0.29,0.49,0.27,,float16,7B,apache-2.0,0.56 kg,57,2023-11-21,2024-06-12,0,Intel/neural-chat-7b-v3-2,No,Yes,Yes,No,No
1932,chat,teknium/OpenHermes-2-Mistral-7B,21.42,0.53,0.49,0.04,0.28,0.45,0.29,,bfloat16,7B,apache-2.0,0.48 kg,255,2023-10-12,2024-06-12,1,mistralai/Mistral-7B-v0.1,Yes,Yes,Yes,No,No
1977,chat,teknium/OpenHermes-2.5-Mistral-7B,21.27,0.56,0.49,0.05,0.28,0.42,0.31,,bfloat16,7.242B,apache-2.0,0.47 kg,827,2023-10-29,2024-06-12,1,mistralai/Mistral-7B-v0.1,Yes,Yes,Yes,No,No
1989,chat,cognitivecomputations/dolphin-2.9.2-qwen2-7b,21.18,0.35,0.49,0.13,0.29,0.42,0.41,,bfloat16,7.616B,apache-2.0,1.28 kg,65,2024-05-24,2024-07-10,1,Qwen/Qwen2-7B,Yes,Yes,Yes,No,No
1998,pretrained,google/gemma-2-9b,21.15,0.2,0.54,0.13,0.33,0.45,0.41,,bfloat16,9B,gemma,5.66 kg,638,2024-06-24,2024-07-11,0,google/gemma-2-9b,No,Yes,Yes,No,No
2011,chat,ibm-granite/granite-3.1-2b-instruct,21.06,0.63,0.44,0.11,0.29,0.36,0.28,,float16,2.534B,apache-2.0,0.51 kg,32,2024-12-06,2024-12-16,1,ibm-granite/granite-3.1-2b-instruct (Merge),Yes,Yes,Yes,No,No
2016,chat,NousResearch/Nous-Hermes-2-Mistral-7B-DPO,21.04,0.58,0.49,0.04,0.29,0.4,0.3,,bfloat16,7.242B,apache-2.0,0.47 kg,174,2024-02-18,2024-06-12,1,mistralai/Mistral-7B-v0.1,Yes,Yes,Yes,No,No
2020,chat,Qwen/Qwen2.5-3B-Instruct,21.03,0.65,0.47,0.0,0.27,0.4,0.33,,bfloat16,3B,other,1.39 kg,161,2024-09-17,2024-09-19,1,Qwen/Qwen2.5-3B,Yes,Yes,Yes,No,No
2023,chat,Qwen/Qwen1.5-14B-Chat,21.02,0.48,0.52,0.0,0.27,0.44,0.36,,bfloat16,14.167B,other,1.34 kg,112,2024-01-30,2024-06-12,0,Qwen/Qwen1.5-14B-Chat,Yes,Yes,Yes,No,No
2028,fine-tuned,Intel/neural-chat-7b-v3-1,21.0,0.47,0.51,0.03,0.29,0.5,0.27,,float16,7.242B,apache-2.0,0.56 kg,546,2023-11-14,2024-06-12,1,mistralai/Mistral-7B-v0.1,No,Yes,Yes,No,No
2036,chat,01-ai/Yi-1.5-6B-Chat,20.98,0.51,0.46,0.05,0.3,0.44,0.32,,bfloat16,6.061B,apache-2.0,0.97 kg,41,2024-05-11,2024-10-22,0,01-ai/Yi-1.5-6B-Chat,Yes,Yes,Yes,No,No
2061,chat,berkeley-nest/Starling-LM-7B-alpha,20.83,0.55,0.44,0.08,0.3,0.41,0.32,,bfloat16,7.242B,apache-2.0,0.55 kg,557,2023-11-25,2024-06-12,0,berkeley-nest/Starling-LM-7B-alpha,Yes,Yes,Yes,No,No
2083,merge,mlabonne/ChimeraLlama-3-8B-v3,20.68,0.44,0.5,0.09,0.29,0.4,0.37,,float16,8.03B,other,0.82 kg,15,2024-05-01,2024-08-25,1,mlabonne/ChimeraLlama-3-8B-v3 (Merge),No,Yes,Yes,No,No
2093,chat,meta-llama/Meta-Llama-3-8B-Instruct,20.6,0.48,0.49,0.09,0.29,0.38,0.36,,float16,8.03B,llama3,0.95 kg,3799,2024-04-17,2024-07-08,0,meta-llama/Meta-Llama-3-8B-Instruct,No,Yes,Yes,No,No
2103,pretrained,Qwen/Qwen1.5-14B,20.51,0.29,0.51,0.18,0.29,0.42,0.36,,bfloat16,14.167B,other,1.93 kg,37,2024-01-22,2024-06-13,0,Qwen/Qwen1.5-14B,No,Yes,Yes,No,No
2135,chat,allenai/OLMo-2-1124-7B-Instruct,20.33,0.72,0.4,0.06,0.28,0.35,0.27,,float16,7.299B,apache-2.0,0.82 kg,24,2024-12-18,2025-01-07,1,allenai/OLMo-2-1124-7B-Instruct (Merge),Yes,Yes,Yes,No,No
2163,merge,mlabonne/ChimeraLlama-3-8B-v2,20.13,0.45,0.5,0.09,0.29,0.38,0.36,,float16,8.03B,other,0.84 kg,14,2024-04-22,2024-08-25,1,mlabonne/ChimeraLlama-3-8B-v2 (Merge),No,Yes,Yes,No,No
2165,fine-tuned,deepseek-ai/DeepSeek-R1-Distill-Qwen-32B,20.12,0.42,0.42,0.0,0.28,0.45,0.47,,bfloat16,32.764B,mit,23.64 kg,924,2025-01-20,2025-01-21,0,deepseek-ai/DeepSeek-R1-Distill-Qwen-32B,Yes,Yes,Yes,No,No
2174,pretrained,ibm-granite/granite-3.1-8b-base,20.07,0.42,0.48,0.1,0.32,0.39,0.32,,float16,8.171B,apache-2.0,0.60 kg,20,2024-12-06,2024-12-16,0,ibm-granite/granite-3.1-8b-base,No,Yes,Yes,No,No
2191,fine-tuned,Intel/neural-chat-7b-v3-3,19.99,0.48,0.49,0.01,0.29,0.49,0.26,,float16,7B,apache-2.0,0.56 kg,78,2023-12-09,2024-06-12,2,mistralai/Mistral-7B-v0.1,No,Yes,Yes,No,No
2202,pretrained,01-ai/Yi-34B-200K,19.89,0.15,0.54,0.05,0.36,0.38,0.45,,bfloat16,34.389B,apache-2.0,12.75 kg,318,2023-11-06,2024-06-12,0,01-ai/Yi-34B-200K,No,Yes,Yes,No,No
2204,fine-tuned,abacusai/Liberated-Qwen1.5-14B,19.87,0.36,0.49,0.12,0.28,0.42,0.35,,float16,14B,other,4.08 kg,21,2024-03-05,2024-09-05,0,abacusai/Liberated-Qwen1.5-14B,Yes,Yes,Yes,No,No
2221,pretrained,01-ai/Yi-1.5-9B-32K,19.78,0.23,0.5,0.11,0.36,0.42,0.38,,bfloat16,8.829B,apache-2.0,0.78 kg,18,2024-05-15,2024-06-12,0,01-ai/Yi-1.5-9B-32K,No,Yes,Yes,No,No
2226,chat,nvidia/AceMath-7B-Instruct,19.77,0.45,0.5,0.0,0.29,0.42,0.34,,bfloat16,7.616B,cc-by-nc-4.0,0.99 kg,9,2025-01-13,2025-01-24,0,nvidia/AceMath-7B-Instruct,Yes,Yes,Yes,No,No
2232,fine-tuned,mlabonne/Daredevil-8B-abliterated,19.73,0.44,0.43,0.1,0.29,0.41,0.37,,bfloat16,8.03B,other,1.20 kg,35,2024-05-26,2024-07-02,0,mlabonne/Daredevil-8B-abliterated,Yes,Yes,Yes,No,No
2242,fine-tuned,mistralai/Mixtral-8x7B-v0.1,19.67,0.23,0.51,0.09,0.32,0.44,0.39,,float16,46.703B,apache-2.0,5.14 kg,1667,2023-12-01,2024-06-27,0,mistralai/Mixtral-8x7B-v0.1,No,Yes,Yes,Yes,No
2248,chat,upstage/SOLAR-10.7B-Instruct-v1.0,19.63,0.47,0.52,0.0,0.31,0.39,0.31,,float16,10.732B,cc-by-nc-4.0,0.78 kg,619,2023-12-12,2024-06-12,1,upstage/SOLAR-10.7B-Instruct-v1.0 (Merge),Yes,Yes,Yes,No,No
2277,chat,argilla-warehouse/Llama-3.1-8B-MagPie-Ultra,19.46,0.58,0.46,0.05,0.27,0.35,0.31,,bfloat16,8.03B,llama3.1,0.97 kg,1,2024-09-26,2024-09-30,1,meta-llama/Llama-3.1-8B,Yes,Yes,Yes,No,No
2278,pretrained,mistralai/Mixtral-8x7B-v0.1,19.45,0.24,0.51,0.1,0.31,0.43,0.38,,bfloat16,46.703B,apache-2.0,18.39 kg,1667,2023-12-01,2024-08-20,0,mistralai/Mixtral-8x7B-v0.1,No,Yes,Yes,Yes,No
2288,merge,mlabonne/Beyonder-4x7B-v3,19.38,0.56,0.47,0.05,0.29,0.4,0.25,,float16,24.154B,cc-by-nc-4.0,1.39 kg,58,2024-03-21,2024-06-12,1,mlabonne/Beyonder-4x7B-v3 (Merge),Yes,Yes,Yes,Yes,No
2290,chat,cognitivecomputations/dolphin-2.9.3-mistral-7B-32k,19.37,0.41,0.48,0.05,0.29,0.46,0.28,,bfloat16,7.248B,apache-2.0,0.60 kg,50,2024-06-25,2024-07-04,1,mistralai/Mistral-7B-v0.3,Yes,Yes,Yes,No,No
2302,chat,google/recurrentgemma-9b-it,19.23,0.5,0.44,0.07,0.27,0.44,0.28,,bfloat16,9B,gemma,13.36 kg,50,2024-06-07,2024-07-05,0,google/recurrentgemma-9b-it,Yes,Yes,Yes,No,No
2305,pretrained,Qwen/Qwen2.5-Coder-7B,19.21,0.34,0.49,0.19,0.26,0.34,0.37,,bfloat16,7.616B,apache-2.0,2.30 kg,89,2024-09-16,2024-09-21,1,Qwen/Qwen2.5-Coder-7B (Merge),Yes,Yes,Yes,No,No
2313,chat,mistralai/Mistral-7B-Instruct-v0.3,19.17,0.55,0.47,0.04,0.28,0.37,0.31,,bfloat16,7.248B,apache-2.0,0.54 kg,1315,2024-05-22,2024-06-12,1,mistralai/Mistral-7B-v0.3,Yes,Yes,Yes,No,No
2341,fine-tuned,abacusai/Llama-3-Smaug-8B,18.97,0.49,0.49,0.08,0.25,0.36,0.32,,bfloat16,8.03B,llama2,0.91 kg,89,2024-04-19,2024-07-02,0,abacusai/Llama-3-Smaug-8B,Yes,Yes,Yes,No,No
2344,chat,mlabonne/NeuralBeagle14-7B,18.95,0.49,0.46,0.05,0.28,0.43,0.26,,float16,7.242B,cc-by-nc-4.0,0.67 kg,158,2024-01-15,2024-06-27,2,mlabonne/Beagle14-7B (Merge),Yes,Yes,Yes,No,No
2382,chat,HuggingFaceH4/zephyr-7b-alpha,18.57,0.52,0.46,0.02,0.3,0.39,0.28,,bfloat16,7.242B,mit,0.80 kg,1104,2023-10-09,2024-06-12,1,mistralai/Mistral-7B-v0.1,Yes,Yes,Yes,No,No
2391,chat,mistralai/Mistral-7B-Instruct-v0.2,18.46,0.55,0.45,0.03,0.28,0.4,0.27,,bfloat16,7.242B,apache-2.0,0.53 kg,2643,2023-12-11,2024-06-12,0,mistralai/Mistral-7B-Instruct-v0.2,Yes,Yes,Yes,No,No
2398,chat,argilla/notus-7b-v1,18.41,0.51,0.45,0.03,0.29,0.34,0.3,,bfloat16,7.242B,mit,0.67 kg,122,2023-11-16,2024-06-27,2,mistralai/Mistral-7B-v0.1,Yes,Yes,Yes,No,No
2400,chat,cognitivecomputations/dolphin-2.9-llama3-8b,18.39,0.39,0.49,0.06,0.29,0.44,0.28,,bfloat16,8.03B,other,0.74 kg,436,2024-04-20,2024-06-12,1,meta-llama/Meta-Llama-3-8B,Yes,Yes,Yes,No,No
2407,chat,ibm-granite/granite-3.0-2b-instruct,18.32,0.51,0.44,0.09,0.3,0.35,0.28,,bfloat16,2.634B,apache-2.0,1.02 kg,47,2024-10-02,-,1,ibm-granite/granite-3.0-2b-instruct (Merge),Yes,Yes,Yes,No,No
2409,pretrained,meta-llama/Llama-2-70b-hf,18.31,0.24,0.55,0.03,0.3,0.41,0.37,,float16,68.977B,llama2,29.62 kg,845,2023-07-11,2024-06-12,0,meta-llama/Llama-2-70b-hf,No,Yes,Yes,No,No
2412,chat,gradientai/Llama-3-8B-Instruct-Gradient-1048k,18.25,0.45,0.43,0.05,0.28,0.43,0.29,,bfloat16,8.03B,llama3,0.89 kg,679,2024-04-29,2024-06-12,0,gradientai/Llama-3-8B-Instruct-Gradient-1048k,Yes,Yes,Yes,No,No
2423,fine-tuned,microsoft/Orca-2-13b,18.15,0.31,0.49,0.01,0.28,0.51,0.27,,bfloat16,13B,other,1.01 kg,666,2023-11-14,2024-06-12,0,microsoft/Orca-2-13b,No,Yes,Yes,No,No
2427,pretrained,tiiuae/Falcon3-Mamba-7B-Base,18.13,0.29,0.47,0.19,0.31,0.34,0.3,,bfloat16,7.273B,other,0.84 kg,18,2024-12-11,2024-12-12,0,tiiuae/Falcon3-Mamba-7B-Base,No,Yes,Yes,No,No
2438,merge,abacusai/bigstral-12b-32k,18.07,0.42,0.47,0.01,0.29,0.46,0.26,,float16,12.476B,apache-2.0,0.97 kg,43,2024-03-06,2024-09-04,1,abacusai/bigstral-12b-32k (Merge),No,Yes,Yes,No,No
2454,fine-tuned,Intel/neural-chat-7b-v3,17.94,0.28,0.5,0.02,0.29,0.51,0.27,,float16,7B,apache-2.0,0.49 kg,67,2023-10-25,2024-06-12,1,mistralai/Mistral-7B-v0.1,No,Yes,Yes,No,No
2455,chat,nvidia/Nemotron-Mini-4B-Instruct,17.94,0.67,0.39,0.0,0.28,0.38,0.26,,bfloat16,4B,other,1.12 kg,148,2024-09-10,2024-09-25,1,nvidia/Minitron-4B-Base,Yes,Yes,Yes,No,No
2463,pretrained,Qwen/Qwen2.5-Math-7B,17.84,0.25,0.45,0.31,0.29,0.38,0.27,,bfloat16,7.616B,apache-2.0,1.34 kg,41,2024-09-16,2024-09-21,1,Qwen/Qwen2.5-7B,Yes,Yes,Yes,No,No
2468,pretrained,01-ai/Yi-9B,17.77,0.27,0.49,0.05,0.32,0.41,0.36,,bfloat16,8.829B,apache-2.0,0.77 kg,186,2024-03-01,2024-06-12,0,01-ai/Yi-9B,No,Yes,Yes,No,No
2469,chat,HuggingFaceH4/zephyr-7b-beta,17.77,0.5,0.43,0.03,0.29,0.39,0.28,,bfloat16,7.242B,mit,0.56 kg,1651,2023-10-26,2024-06-12,1,mistralai/Mistral-7B-v0.1,Yes,Yes,Yes,No,No
2473,pretrained,01-ai/Yi-9B-200K,17.74,0.23,0.48,0.07,0.32,0.43,0.36,,bfloat16,8.829B,apache-2.0,0.77 kg,75,2024-03-15,2024-06-12,0,01-ai/Yi-9B-200K,No,Yes,Yes,No,No
2475,chat,Open-Orca/Mistral-7B-OpenOrca,17.7,0.5,0.48,0.03,0.27,0.39,0.27,,bfloat16,7B,apache-2.0,0.53 kg,677,2023-09-29,2024-06-12,0,Open-Orca/Mistral-7B-OpenOrca,Yes,Yes,Yes,No,No
2479,fine-tuned,nvidia/Mistral-NeMo-Minitron-8B-Base,17.66,0.19,0.52,0.05,0.33,0.41,0.38,,bfloat16,7.88B,other,3.40 kg,169,2024-08-19,2024-08-22,0,nvidia/Mistral-NeMo-Minitron-8B-Base,No,Yes,Yes,No,No
2480,chat,mlabonne/AlphaMonarch-7B,17.66,0.49,0.46,0.04,0.27,0.41,0.25,,float16,7.242B,cc-by-nc-4.0,0.57 kg,149,2024-02-14,2024-06-12,1,mlabonne/AlphaMonarch-7B (Merge),Yes,Yes,Yes,No,No
2496,chat,google/gemma-1.1-7b-it,17.48,0.5,0.39,0.04,0.29,0.42,0.26,,bfloat16,8.538B,gemma,0.58 kg,270,2024-03-26,2024-06-12,0,google/gemma-1.1-7b-it,Yes,Yes,Yes,No,No
2498,chat,Deci/DeciLM-7B-instruct,17.46,0.49,0.46,0.03,0.29,0.39,0.26,,bfloat16,7.044B,apache-2.0,0.64 kg,96,2023-12-10,2024-06-12,0,Deci/DeciLM-7B-instruct,Yes,Yes,Yes,No,No
2530,pretrained,google/gemma-2-2b-jpn-it,17.12,0.51,0.42,0.03,0.29,0.4,0.26,,float16,2.614B,gemma,1.01 kg,160,2024-09-25,2024-10-11,2,google/gemma-2-2b,No,Yes,Yes,No,No
2531,pretrained,Qwen/Qwen2.5-3B,17.11,0.27,0.46,0.09,0.3,0.43,0.32,,bfloat16,3.086B,other,3.81 kg,55,2024-09-15,2024-09-27,0,Qwen/Qwen2.5-3B,No,Yes,Yes,No,No
2532,chat,ibm-granite/granite-3.1-3b-a800m-instruct,17.1,0.55,0.4,0.1,0.29,0.35,0.21,,float16,3.299B,apache-2.0,1.64 kg,20,2024-12-06,2024-12-16,1,ibm-granite/granite-3.1-3b-a800m-instruct (Merge),Yes,Yes,Yes,No,No
2540,fine-tuned,google/gemma-2-2b-it,17.05,0.57,0.42,0.0,0.27,0.39,0.25,,bfloat16,2.614B,gemma,1.23 kg,931,2024-07-16,2024-07-31,1,google/gemma-2-2b,Yes,Yes,Yes,No,No
2543,fine-tuned,Salesforce/LLaMA-3-8B-SFR-Iterative-DPO-R,17.03,0.38,0.5,0.0,0.29,0.36,0.32,,bfloat16,8.03B,llama3,0.86 kg,78,2024-05-09,2024-07-02,0,Salesforce/LLaMA-3-8B-SFR-Iterative-DPO-R,Yes,Yes,Yes,No,No
2552,fine-tuned,01-ai/Yi-Coder-9B-Chat,16.87,0.48,0.48,0.03,0.25,0.4,0.24,,bfloat16,8.829B,apache-2.0,0.91 kg,195,2024-08-21,2024-09-12,1,01-ai/Yi-Coder-9B,Yes,Yes,Yes,No,No
2560,chat,ibm/merlinite-7b,16.76,0.25,0.5,0.02,0.3,0.44,0.31,,bfloat16,7.242B,apache-2.0,0.55 kg,104,2024-03-02,2024-06-09,1,mistralai/Mistral-7B-v0.1,No,Yes,Yes,No,No
2564,pretrained,01-ai/Yi-1.5-6B,16.7,0.26,0.45,0.06,0.31,0.44,0.31,,bfloat16,6.061B,apache-2.0,1.18 kg,30,2024-05-11,2024-08-10,0,01-ai/Yi-1.5-6B,No,Yes,Yes,No,No
2572,fine-tuned,CausalLM/14B,16.64,0.28,0.47,0.04,0.3,0.42,0.32,,bfloat16,14B,wtfpl,1.00 kg,300,2023-10-22,2024-06-12,0,CausalLM/14B,No,Yes,Yes,No,No
2581,chat,Qwen/Qwen1.5-7B-Chat,16.58,0.44,0.45,0.0,0.3,0.38,0.3,,bfloat16,7.721B,other,1.08 kg,165,2024-01-30,2024-06-12,0,Qwen/Qwen1.5-7B-Chat,Yes,Yes,Yes,No,No
2589,chat,Qwen/Qwen2.5-Math-7B-Instruct,16.51,0.26,0.44,0.27,0.26,0.36,0.28,,bfloat16,7B,apache-2.0,1.14 kg,54,2024-09-19,2024-09-19,2,Qwen/Qwen2.5-7B,Yes,Yes,Yes,No,No
2591,fine-tuned,CausalLM/preview-1-hf,16.48,0.56,0.36,0.02,0.26,0.34,0.36,,bfloat16,9.543B,-,1.28 kg,0,-,2025-01-26,0,Removed,Yes,Yes,Yes,No,No
2631,chat,stabilityai/stablelm-2-12b-chat,16.25,0.41,0.47,0.02,0.27,0.39,0.27,,bfloat16,12.143B,other,1.09 kg,87,2024-04-04,2024-06-12,0,stabilityai/stablelm-2-12b-chat,Yes,Yes,Yes,No,No
2653,chat,CohereForAI/aya-23-8B,16.0,0.47,0.43,0.02,0.28,0.39,0.23,,float16,8.028B,cc-by-nc-4.0,1.20 kg,402,2024-05-19,2024-06-12,0,CohereForAI/aya-23-8B,Yes,Yes,Yes,No,No
2659,chat,HuggingFaceH4/zephyr-7b-gemma-v0.1,15.93,0.34,0.46,0.08,0.29,0.37,0.28,,bfloat16,8.538B,other,1.48 kg,122,2024-03-01,2024-06-12,2,google/gemma-7b,Yes,Yes,Yes,No,No
2662,pretrained,speakleash/Bielik-11B-v2,15.91,0.24,0.49,0.07,0.29,0.39,0.31,,bfloat16,11.169B,apache-2.0,0.92 kg,38,2024-08-26,2024-10-16,0,speakleash/Bielik-11B-v2,No,Yes,Yes,No,No
2667,chat,google/gemma-2-2b-jpn-it,15.89,0.53,0.42,0.0,0.28,0.37,0.25,,bfloat16,2.614B,gemma,0.85 kg,160,2024-09-25,2024-10-14,2,google/gemma-2-2b,Yes,Yes,Yes,No,No
2681,pretrained,tiiuae/Falcon3-3B-Base,15.75,0.28,0.44,0.12,0.3,0.37,0.29,,bfloat16,3.228B,other,0.48 kg,15,2024-12-13,2024-12-13,0,tiiuae/Falcon3-3B-Base,No,Yes,Yes,No,No
2683,pretrained,NousResearch/Yarn-Solar-10b-32k,15.72,0.19,0.5,0.03,0.3,0.41,0.33,,bfloat16,10B,apache-2.0,1.39 kg,10,2024-01-17,2024-06-12,0,NousResearch/Yarn-Solar-10b-32k,No,Yes,Yes,No,No
2705,pretrained,microsoft/phi-2,15.47,0.27,0.49,0.03,0.27,0.41,0.26,,float16,2.78B,mit,0.42 kg,3269,2023-12-13,2024-06-09,0,microsoft/phi-2,No,Yes,Yes,No,No
2706,merge,mlabonne/phixtral-2x2_8,15.46,0.34,0.49,0.03,0.27,0.36,0.26,,float16,4.458B,mit,0.96 kg,148,2024-01-07,2024-06-12,0,mlabonne/phixtral-2x2_8,Yes,Yes,Yes,Yes,No
2708,pretrained,google/gemma-7b,15.46,0.27,0.44,0.07,0.29,0.41,0.29,,bfloat16,8.538B,gemma,1.25 kg,3115,2024-02-08,2024-06-08,0,google/gemma-7b,No,Yes,Yes,No,No
2717,pretrained,Qwen/Qwen1.5-7B,15.36,0.27,0.46,0.05,0.3,0.41,0.29,,bfloat16,7.721B,other,1.83 kg,48,2024-01-22,2024-06-09,0,Qwen/Qwen1.5-7B,No,Yes,Yes,No,No
2719,chat,tiiuae/Falcon3-1B-Instruct,15.32,0.56,0.37,0.01,0.27,0.42,0.18,,bfloat16,1.669B,other,0.40 kg,34,2024-12-14,2024-12-16,1,tiiuae/Falcon3-1B-Base,Yes,Yes,Yes,No,No
2727,fine-tuned,WizardLMTeam/WizardLM-13B-V1.2,15.16,0.34,0.45,0.02,0.26,0.44,0.25,,float16,13B,llama2,3.52 kg,226,2023-07-25,2024-06-12,0,WizardLMTeam/WizardLM-13B-V1.2,No,Yes,Yes,No,No
2729,chat,TencentARC/LLaMA-Pro-8B-Instruct,15.14,0.45,0.42,0.02,0.27,0.42,0.19,,bfloat16,8.357B,llama2,3.11 kg,62,2024-01-06,2024-06-12,0,TencentARC/LLaMA-Pro-8B-Instruct,Yes,Yes,Yes,No,No
2730,pretrained,mistralai/Mistral-Nemo-Base-2407,15.14,0.16,0.5,0.05,0.29,0.39,0.35,,bfloat16,11.58B,apache-2.0,1.70 kg,288,2024-07-18,2024-07-19,0,mistralai/Mistral-Nemo-Base-2407,No,Yes,Yes,No,No
2731,pretrained,NousResearch/Yarn-Solar-10b-64k,15.12,0.2,0.49,0.03,0.3,0.4,0.31,,bfloat16,10B,apache-2.0,0.76 kg,15,2024-01-17,2024-06-12,0,NousResearch/Yarn-Solar-10b-64k,No,Yes,Yes,No,No
2733,pretrained,tiiuae/falcon-mamba-7b,15.12,0.33,0.43,0.04,0.31,0.42,0.23,,bfloat16,7B,other,3.61 kg,228,2024-07-17,2024-07-23,0,tiiuae/falcon-mamba-7b,No,Yes,Yes,No,No
2734,chat,NousResearch/Hermes-3-Llama-3.2-3B,15.12,0.38,0.44,0.03,0.28,0.4,0.25,,bfloat16,3.213B,llama3,1.10 kg,135,2024-12-03,2024-12-20,1,Removed,Yes,Yes,Yes,No,No
2744,chat,Qwen/Qwen2.5-1.5B-Instruct,15.03,0.45,0.43,0.02,0.26,0.37,0.28,,bfloat16,1.5B,apache-2.0,0.69 kg,301,2024-09-17,2024-09-19,1,Qwen/Qwen2.5-1.5B,Yes,Yes,Yes,No,No
2749,chat,mlabonne/OrpoLlama-3-8B,14.98,0.37,0.44,0.05,0.28,0.36,0.27,,float16,8.03B,other,0.89 kg,54,2024-04-18,2024-06-12,1,meta-llama/Meta-Llama-3-8B,Yes,Yes,Yes,No,No
2751,pretrained,Deci/DeciLM-7B,14.96,0.28,0.44,0.02,0.3,0.44,0.27,,bfloat16,7.044B,apache-2.0,0.64 kg,225,2023-12-10,2024-06-12,0,Deci/DeciLM-7B,No,Yes,Yes,No,No
2761,chat,Qwen/Qwen1.5-MoE-A2.7B-Chat,14.82,0.38,0.43,0.0,0.27,0.39,0.29,,bfloat16,14.316B,other,8.90 kg,114,2024-03-14,2024-06-12,0,Qwen/Qwen1.5-MoE-A2.7B-Chat,Yes,Yes,Yes,Yes,No
2762,chat,deepseek-ai/deepseek-llm-7b-chat,14.79,0.42,0.36,0.02,0.27,0.47,0.21,,bfloat16,7B,other,0.77 kg,115,2023-11-29,2024-06-12,0,deepseek-ai/deepseek-llm-7b-chat,Yes,Yes,Yes,No,No
2766,chat,HuggingFaceTB/SmolLM2-1.7B-Instruct,14.75,0.54,0.36,0.04,0.28,0.34,0.21,,bfloat16,1.711B,apache-2.0,0.63 kg,501,2024-10-31,2024-11-06,1,HuggingFaceTB/SmolLM2-1.7B-Instruct (Merge),Yes,Yes,Yes,No,No
2778,pretrained,LLM360/K2,14.57,0.23,0.5,0.02,0.28,0.4,0.3,,float16,65.286B,apache-2.0,8.84 kg,85,2024-04-17,2024-06-26,0,LLM360/K2,No,Yes,Yes,No,No
2779,pretrained,mistralai/Mistral-7B-v0.1,14.56,0.24,0.44,0.03,0.29,0.41,0.3,,bfloat16,7.242B,apache-2.0,0.68 kg,3556,2023-09-20,2024-06-12,0,mistralai/Mistral-7B-v0.1,No,Yes,Yes,No,No
2800,fine-tuned,teknium/CollectiveCognition-v1.1-Mistral-7B,14.27,0.28,0.45,0.03,0.29,0.39,0.28,,float16,7B,apache-2.0,0.43 kg,79,2023-10-04,2024-06-12,1,mistralai/Mistral-7B-v0.1,No,Yes,Yes,No,No
2806,fine-tuned,meta-llama/Llama-3.1-8B,14.22,0.12,0.47,0.05,0.31,0.38,0.33,,float16,8.03B,llama3.1,0.71 kg,1375,2024-07-14,2024-12-07,0,meta-llama/Llama-3.1-8B,No,Yes,Yes,No,No
2808,fine-tuned,microsoft/Orca-2-7b,14.22,0.22,0.45,0.01,0.26,0.5,0.23,,bfloat16,7B,other,1.21 kg,218,2023-11-14,2024-06-12,0,microsoft/Orca-2-7b,No,Yes,Yes,No,No
2809,pretrained,mistral-community/Mistral-7B-v0.2,14.22,0.23,0.45,0.03,0.29,0.4,0.3,,bfloat16,7.242B,apache-2.0,0.55 kg,232,2024-03-23,2024-06-12,0,mistral-community/Mistral-7B-v0.2,No,Yes,Yes,No,No
2810,pretrained,mistralai/Mistral-7B-v0.3,14.22,0.23,0.45,0.03,0.29,0.4,0.3,,bfloat16,7.248B,apache-2.0,0.66 kg,426,2024-05-22,2024-06-12,0,mistralai/Mistral-7B-v0.3,No,Yes,Yes,No,No
2815,fine-tuned,TencentARC/Mistral_Pro_8B_v0.1,14.2,0.21,0.45,0.06,0.28,0.42,0.28,,bfloat16,8.987B,apache-2.0,0.63 kg,66,2024-02-22,2024-06-12,0,TencentARC/Mistral_Pro_8B_v0.1,No,Yes,Yes,No,No
2822,pretrained,nvidia/Minitron-8B-Base,14.18,0.24,0.44,0.02,0.27,0.4,0.32,,bfloat16,7.22B,other,1.41 kg,63,2024-07-19,2024-09-25,0,nvidia/Minitron-8B-Base,No,Yes,Yes,No,No
2826,pretrained,ibm-granite/granite-3.0-2b-base,14.11,0.39,0.4,0.06,0.28,0.34,0.24,,bfloat16,2.634B,apache-2.0,1.05 kg,21,2024-10-02,-,0,ibm-granite/granite-3.0-2b-base,No,Yes,Yes,No,No
2833,chat,01-ai/Yi-6B-Chat,14.0,0.34,0.41,0.01,0.29,0.37,0.31,,bfloat16,6.061B,apache-2.0,0.56 kg,65,2023-11-22,2024-06-12,0,01-ai/Yi-6B-Chat,Yes,Yes,Yes,No,No
2834,chat,Qwen/Qwen2-1.5B-Instruct,13.99,0.34,0.39,0.06,0.26,0.43,0.25,,bfloat16,1.544B,apache-2.0,0.66 kg,134,2024-06-03,2024-06-12,0,Qwen/Qwen2-1.5B-Instruct,Yes,Yes,Yes,No,No
2838,pretrained,stabilityai/stablelm-2-12b,13.94,0.16,0.45,0.04,0.28,0.45,0.31,,bfloat16,12.143B,other,1.47 kg,119,2024-03-21,2024-06-12,0,stabilityai/stablelm-2-12b,No,Yes,Yes,No,No
2847,pretrained,meta-llama/Meta-Llama-3.1-8B,13.87,0.13,0.47,0.05,0.3,0.38,0.32,,bfloat16,8.03B,llama3.1,3.60 kg,1375,2024-07-14,2024-07-23,0,meta-llama/Meta-Llama-3.1-8B,Yes,Yes,Yes,No,No
2849,fine-tuned,openchat/openchat_v3.2,13.85,0.3,0.43,0.01,0.27,0.43,0.24,,bfloat16,13B,llama2,5.30 kg,42,2023-07-30,2024-06-12,0,openchat/openchat_v3.2,No,Yes,Yes,No,No
2853,pretrained,tiiuae/falcon-11B,13.81,0.33,0.44,0.03,0.27,0.4,0.24,,bfloat16,11.103B,unknown,1.08 kg,212,2024-05-09,2024-06-09,0,tiiuae/falcon-11B,No,Yes,Yes,No,No
2854,chat,meta-llama/Llama-3.2-1B-Instruct,13.81,0.57,0.35,0.03,0.28,0.33,0.17,,bfloat16,1.24B,llama3.2,0.40 kg,742,2024-09-18,2024-09-23,0,meta-llama/Llama-3.2-1B-Instruct,Yes,Yes,Yes,No,No
2856,pretrained,Qwen/Qwen2.5-1.5B,13.8,0.27,0.41,0.09,0.29,0.36,0.29,,bfloat16,1.5B,apache-2.0,1.25 kg,62,2024-09-15,2024-09-19,0,Qwen/Qwen2.5-1.5B,No,Yes,Yes,No,No
2863,chat,nvidia/Hymba-1.5B-Instruct,13.74,0.6,0.31,0.0,0.29,0.33,0.2,,bfloat16,1.523B,other,6.71 kg,222,2024-10-31,2024-12-06,1,nvidia/Hymba-1.5B-Instruct (Merge),Yes,Yes,Yes,No,No
2866,pretrained,google/recurrentgemma-9b,13.68,0.31,0.4,0.06,0.29,0.38,0.26,,bfloat16,9B,gemma,23.21 kg,58,2024-06-07,2024-07-04,0,google/recurrentgemma-9b,No,Yes,Yes,No,No
2870,chat,ibm-granite/granite-3.0-3b-a800m-instruct,13.66,0.43,0.38,0.07,0.28,0.35,0.22,,bfloat16,3.374B,apache-2.0,3.08 kg,17,2024-10-03,2024-10-20,1,ibm-granite/granite-3.0-3b-a800m-instruct (Merge),Yes,Yes,Yes,No,No
2873,pretrained,01-ai/Yi-6B,13.61,0.29,0.43,0.02,0.27,0.39,0.3,,bfloat16,6.061B,apache-2.0,0.55 kg,371,2023-11-01,2024-06-12,0,01-ai/Yi-6B,No,Yes,Yes,No,No
2879,pretrained,google/flan-ul2,13.55,0.24,0.51,0.0,0.29,0.38,0.25,,bfloat16,19.46B,apache-2.0,0.56 kg,554,2023-03-03,2024-08-07,0,google/flan-ul2,No,Yes,Yes,No,No
2883,pretrained,NousResearch/Yarn-Mistral-7b-64k,13.5,0.21,0.43,0.03,0.29,0.41,0.29,,bfloat16,7B,apache-2.0,0.54 kg,51,2023-10-31,2024-06-12,0,NousResearch/Yarn-Mistral-7b-64k,No,Yes,Yes,No,No
2886,fine-tuned,google/flan-t5-xxl,13.49,0.22,0.51,0.0,0.27,0.42,0.23,,float16,11.267B,apache-2.0,0.71 kg,1230,2022-10-21,2024-09-06,0,google/flan-t5-xxl,No,Yes,Yes,No,No
2889,pretrained,meta-llama/Meta-Llama-3-8B,13.46,0.15,0.46,0.04,0.31,0.36,0.32,,bfloat16,8.03B,llama3,0.87 kg,6004,2024-04-17,2024-06-12,0,meta-llama/Meta-Llama-3-8B,No,Yes,Yes,No,No
2909,pretrained,NousResearch/Yarn-Mistral-7b-128k,13.22,0.19,0.43,0.03,0.3,0.41,0.29,,bfloat16,7B,apache-2.0,0.55 kg,572,2023-10-31,2024-06-12,0,NousResearch/Yarn-Mistral-7b-128k,No,Yes,Yes,No,No
2911,chat,allenai/OLMoE-1B-7B-0924-Instruct,13.21,0.47,0.39,0.0,0.27,0.38,0.19,,bfloat16,6.919B,apache-2.0,5.49 kg,87,2024-08-13,2024-09-30,2,allenai/OLMoE-1B-7B-0924,Yes,Yes,Yes,Yes,No
2915,pretrained,ibm-granite/granite-3.1-2b-base,13.19,0.35,0.4,0.06,0.28,0.35,0.23,,bfloat16,2.534B,apache-2.0,0.49 kg,10,2024-12-06,2024-12-16,0,ibm-granite/granite-3.1-2b-base,No,Yes,Yes,No,No
2929,merge,abacusai/bigyi-15b,12.98,0.21,0.43,0.02,0.31,0.35,0.3,,float16,15.058B,other,1.87 kg,11,2024-03-06,2024-09-17,1,abacusai/bigyi-15b (Merge),No,Yes,Yes,No,No
2937,fine-tuned,nvidia/AceInstruct-1.5B,12.9,0.39,0.39,0.0,0.27,0.35,0.26,,bfloat16,1.777B,cc-by-nc-4.0,0.85 kg,11,2025-01-15,2025-01-24,0,nvidia/AceInstruct-1.5B,Yes,Yes,Yes,No,No
2940,chat,google/gemma-7b-it,12.87,0.39,0.36,0.02,0.28,0.43,0.17,,bfloat16,8.538B,gemma,1.10 kg,1152,2024-02-13,2024-06-12,1,google/gemma-7b,Yes,Yes,Yes,No,No
2941,fine-tuned,openchat/openchat_v3.2_super,12.85,0.29,0.42,0.02,0.26,0.42,0.24,,bfloat16,13B,llama2,5.03 kg,36,2023-09-04,2024-06-12,0,openchat/openchat_v3.2_super,No,Yes,Yes,No,No
2944,chat,meta-llama/Llama-2-70b-chat-hf,12.75,0.5,0.3,0.01,0.26,0.37,0.24,,float16,68.977B,llama2,22.90 kg,2175,2023-07-14,2024-06-12,0,meta-llama/Llama-2-70b-chat-hf,Yes,Yes,Yes,No,No
2946,chat,mistralai/Mistral-7B-Instruct-v0.1,12.7,0.45,0.34,0.02,0.25,0.38,0.24,,bfloat16,7.242B,apache-2.0,1.22 kg,1554,2023-09-27,2024-06-27,1,mistralai/Mistral-7B-v0.1,Yes,Yes,Yes,No,No
2950,pretrained,bigcode/starcoder2-15b,12.55,0.28,0.44,0.06,0.27,0.35,0.24,,bfloat16,15.958B,bigcode-openrail-m,35.04 kg,581,2024-02-20,2024-06-09,0,bigcode/starcoder2-15b,No,Yes,Yes,No,No
2958,pretrained,Qwen/Qwen1.5-MoE-A2.7B,12.42,0.27,0.41,0.0,0.26,0.4,0.28,,bfloat16,14.316B,other,9.55 kg,196,2024-02-29,2024-06-13,0,Qwen/Qwen1.5-MoE-A2.7B,No,Yes,Yes,Yes,No
2963,chat,stabilityai/stablelm-zephyr-3b,12.36,0.37,0.39,0.04,0.24,0.42,0.18,,bfloat16,2.795B,other,0.38 kg,250,2023-11-21,2024-06-12,0,stabilityai/stablelm-zephyr-3b,Yes,Yes,Yes,No,No
2965,chat,Qwen/Qwen1.5-4B-Chat,12.34,0.32,0.4,0.01,0.27,0.4,0.24,,bfloat16,3.95B,other,0.87 kg,38,2024-01-30,2024-06-12,0,Qwen/Qwen1.5-4B-Chat,Yes,Yes,Yes,No,No
2972,fine-tuned,teknium/OpenHermes-13B,12.17,0.27,0.42,0.01,0.27,0.4,0.24,,bfloat16,13B,mit,31.12 kg,55,2023-09-06,2024-06-12,1,NousResearch/Llama-2-13b-hf,No,Yes,Yes,No,No
2978,chat,internlm/internlm2_5-1_8b-chat,12.11,0.38,0.45,0.0,0.29,0.36,0.13,,bfloat16,1.89B,other,0.77 kg,25,2024-07-30,2024-08-07,0,internlm/internlm2_5-1_8b-chat,Yes,Yes,Yes,No,No
2987,fine-tuned,TencentARC/MetaMath-Mistral-Pro,12.01,0.21,0.44,0.05,0.27,0.35,0.25,,bfloat16,8.987B,apache-2.0,0.60 kg,5,2024-02-26,2024-06-12,0,TencentARC/MetaMath-Mistral-Pro,No,Yes,Yes,No,No
2992,fine-tuned,Qwen/Qwen2-Math-7B,11.94,0.27,0.39,0.24,0.26,0.36,0.12,,bfloat16,7.616B,apache-2.0,1.56 kg,13,2024-08-08,2024-08-19,0,Qwen/Qwen2-Math-7B,Yes,Yes,Yes,No,No
2993,pretrained,nvidia/Minitron-4B-Base,11.94,0.22,0.41,0.02,0.27,0.41,0.26,,bfloat16,4B,other,1.19 kg,129,2024-07-19,2024-09-25,0,nvidia/Minitron-4B-Base,No,Yes,Yes,No,No
2995,pretrained,01-ai/Yi-6B-200K,11.93,0.08,0.43,0.01,0.28,0.46,0.28,,bfloat16,6.061B,apache-2.0,0.56 kg,172,2023-11-06,2024-06-12,0,01-ai/Yi-6B-200K,No,Yes,Yes,No,No
3009,chat,ibm-granite/granite-7b-instruct,11.81,0.3,0.37,0.01,0.29,0.4,0.23,,bfloat16,6.738B,apache-2.0,0.71 kg,6,2024-05-19,2024-10-02,1,ibm/granite-7b-base,Yes,Yes,Yes,No,No
3013,chat,deepseek-ai/DeepSeek-R1-Distill-Qwen-7B,11.73,0.4,0.34,0.0,0.28,0.37,0.23,,bfloat16,7.616B,mit,0.68 kg,358,2025-01-20,2025-01-20,0,deepseek-ai/DeepSeek-R1-Distill-Qwen-7B,Yes,Yes,Yes,No,No
3021,pretrained,google/flan-t5-xl,11.59,0.22,0.45,0.0,0.25,0.42,0.21,,float16,2.85B,apache-2.0,0.35 kg,481,2022-10-21,2024-08-07,0,google/flan-t5-xl,No,Yes,Yes,No,No
3022,pretrained,google/flan-t5-xl,11.59,0.22,0.45,0.0,0.25,0.42,0.21,,bfloat16,2.85B,apache-2.0,0.29 kg,481,2022-10-21,2024-08-07,0,google/flan-t5-xl,No,Yes,Yes,No,No
3026,fine-tuned,nvidia/Llama-3.1-Minitron-4B-Depth-Base,11.53,0.16,0.42,0.01,0.26,0.4,0.28,,bfloat16,4.02B,other,0.47 kg,20,2024-08-13,2024-09-25,0,nvidia/Llama-3.1-Minitron-4B-Depth-Base,No,Yes,Yes,No,No
3035,pretrained,ibm/PowerLM-3b,11.45,0.33,0.37,0.03,0.28,0.36,0.2,,bfloat16,3.512B,apache-2.0,0.56 kg,18,2024-08-14,2025-01-07,0,ibm/PowerLM-3b,No,Yes,Yes,No,No
3039,chat,nvidia/AceMath-1.5B-Instruct,11.38,0.32,0.4,0.0,0.27,0.36,0.21,,bfloat16,1.777B,cc-by-nc-4.0,0.83 kg,4,2025-01-13,2025-01-24,0,nvidia/AceMath-1.5B-Instruct,Yes,Yes,Yes,No,No
3040,pretrained,tiiuae/falcon-40b,11.36,0.25,0.4,0.02,0.27,0.36,0.25,,bfloat16,40B,apache-2.0,21.79 kg,2423,2023-05-24,2024-06-09,0,tiiuae/falcon-40b,No,Yes,Yes,No,No
3042,pretrained,Qwen/Qwen1.5-4B,11.33,0.24,0.41,0.03,0.28,0.36,0.25,,bfloat16,3.95B,other,1.64 kg,34,2024-01-22,2024-06-13,0,Qwen/Qwen1.5-4B,No,Yes,Yes,No,No
3053,chat,meta-llama/Llama-2-13b-chat-hf,11.02,0.4,0.33,0.01,0.23,0.4,0.19,,float16,13.016B,llama2,0.87 kg,1053,2023-07-13,2024-06-12,0,meta-llama/Llama-2-13b-chat-hf,Yes,Yes,Yes,No,No
3054,pretrained,meta-llama/Llama-2-13b-hf,11.01,0.25,0.41,0.01,0.28,0.35,0.24,,float16,13.016B,llama2,1.11 kg,583,2023-07-13,2024-06-12,0,meta-llama/Llama-2-13b-hf,No,Yes,Yes,No,No
3063,fine-tuned,lmsys/vicuna-7b-v1.5,10.78,0.24,0.39,0.01,0.26,0.42,0.21,,float16,7B,llama2,0.60 kg,328,2023-07-29,2024-06-12,0,lmsys/vicuna-7b-v1.5,No,Yes,Yes,No,No
3064,chat,allenai/OLMo-7B-Instruct-hf,10.76,0.35,0.37,0.01,0.27,0.38,0.18,,bfloat16,7B,apache-2.0,1.20 kg,3,2024-06-04,2024-06-27,0,allenai/OLMo-7B-Instruct-hf,Yes,Yes,Yes,No,No
3074,chat,internlm/internlm2-chat-1_8b,10.55,0.24,0.45,0.03,0.27,0.36,0.18,,bfloat16,1.889B,other,0.60 kg,30,2024-01-30,2024-06-12,0,internlm/internlm2-chat-1_8b,Yes,Yes,Yes,No,No
3077,pretrained,Qwen/Qwen2-1.5B,10.45,0.21,0.36,0.07,0.26,0.37,0.26,,bfloat16,1.544B,apache-2.0,1.11 kg,85,2024-05-31,2024-06-09,0,Qwen/Qwen2-1.5B,No,Yes,Yes,No,No
3078,chat,tiiuae/falcon-40b-instruct,10.43,0.25,0.41,0.02,0.25,0.38,0.23,,bfloat16,40B,apache-2.0,19.73 kg,1173,2023-05-25,2024-06-09,0,tiiuae/falcon-40b-instruct,No,Yes,Yes,No,No
3088,fine-tuned,lmsys/vicuna-13b-v1.3,10.28,0.33,0.34,0.01,0.27,0.37,0.22,,float16,13B,-,1.09 kg,197,2023-06-18,2024-06-28,0,lmsys/vicuna-13b-v1.3,Yes,Yes,Yes,No,No
3091,chat,deepseek-ai/deepseek-moe-16b-chat,10.18,0.37,0.33,0.02,0.22,0.38,0.2,,bfloat16,16.376B,other,4.59 kg,126,2024-01-09,2024-06-12,0,deepseek-ai/deepseek-moe-16b-chat,Yes,Yes,Yes,Yes,No
3092,pretrained,google/gemma-2-2b,10.13,0.2,0.37,0.03,0.26,0.42,0.22,,bfloat16,2.614B,gemma,1.52 kg,492,2024-07-16,2024-07-31,0,google/gemma-2-2b,Yes,Yes,Yes,No,No
3100,chat,ibm-granite/granite-3.1-1b-a400m-instruct,10.05,0.47,0.33,0.04,0.24,0.33,0.12,,float16,1.335B,apache-2.0,1.05 kg,13,2024-12-06,2024-12-16,1,ibm-granite/granite-3.1-1b-a400m-instruct (Merge),Yes,Yes,Yes,No,No
3106,pretrained,ibm-granite/granite-3.1-3b-a800m-base,9.91,0.3,0.36,0.04,0.28,0.33,0.18,,bfloat16,3.299B,apache-2.0,1.62 kg,5,2024-12-06,2024-12-16,0,ibm-granite/granite-3.1-3b-a800m-base,No,Yes,Yes,No,No
3110,pretrained,tiiuae/Falcon3-1B-Base,9.84,0.24,0.36,0.03,0.28,0.41,0.16,,bfloat16,1.669B,other,0.40 kg,20,2024-12-13,2024-12-16,0,tiiuae/Falcon3-1B-Base,No,Yes,Yes,No,No
3112,chat,cognitivecomputations/dolphin-2.9.4-gemma2-2b,9.8,0.09,0.41,0.05,0.28,0.42,0.21,,bfloat16,2.614B,gemma,1.51 kg,36,2024-08-24,2024-08-25,1,google/gemma-2-2b,Yes,Yes,Yes,No,No
3123,pretrained,HuggingFaceTB/SmolLM2-1.7B,9.5,0.24,0.35,0.02,0.28,0.35,0.21,,bfloat16,1.71B,apache-2.0,0.33 kg,91,2024-10-30,2024-11-06,0,HuggingFaceTB/SmolLM2-1.7B,No,Yes,Yes,No,No
3124,fine-tuned,teknium/OpenHermes-7B,9.48,0.18,0.36,0.01,0.27,0.43,0.19,,float16,7B,mit,2.48 kg,13,2023-09-14,2024-06-12,1,NousResearch/Llama-2-7b-hf,No,Yes,Yes,No,No
3128,pretrained,ibm-granite/granite-3.0-3b-a800m-base,9.43,0.27,0.37,0.04,0.25,0.34,0.19,,bfloat16,3.374B,apache-2.0,3.54 kg,5,2024-10-03,-,0,ibm-granite/granite-3.0-3b-a800m-base,No,Yes,Yes,No,No
3129,pretrained,google/flan-t5-large,9.42,0.22,0.42,0.0,0.25,0.41,0.17,,float16,0.783B,apache-2.0,0.23 kg,679,2022-10-21,2024-08-14,0,google/flan-t5-large,No,Yes,Yes,No,No
3132,fine-tuned,deepseek-ai/DeepSeek-R1-Distill-Llama-8B,9.4,0.38,0.32,0.0,0.26,0.32,0.21,,bfloat16,8.03B,mit,0.74 kg,454,2025-01-20,2025-01-20,0,deepseek-ai/DeepSeek-R1-Distill-Llama-8B,Yes,Yes,Yes,No,No
3133,pretrained,meta-llama/Llama-2-7b-chat-hf,9.4,0.4,0.31,0.01,0.25,0.37,0.17,,float16,6.738B,llama2,1.16 kg,4198,2023-07-13,2024-08-30,0,meta-llama/Llama-2-7b-chat-hf,Yes,Yes,Yes,No,No
3138,fine-tuned,NousResearch/Nous-Hermes-llama-2-7b,9.29,0.17,0.38,0.01,0.26,0.43,0.19,,bfloat16,6.738B,mit,2.56 kg,68,2023-07-25,2024-06-12,0,NousResearch/Nous-Hermes-llama-2-7b,No,Yes,Yes,No,No
3140,chat,stabilityai/stablelm-2-zephyr-1_6b,9.28,0.33,0.34,0.02,0.24,0.35,0.17,,float16,1.645B,other,0.47 kg,183,2024-01-19,2024-06-12,0,stabilityai/stablelm-2-zephyr-1_6b,Yes,Yes,Yes,No,No
3142,pretrained,kyutai/helium-1-preview-2b,9.25,0.26,0.36,0.01,0.28,0.35,0.19,,bfloat16,2.173B,cc-by-4.0,0.34 kg,132,2025-01-13,2025-01-14,0,kyutai/helium-1-preview-2b,No,Yes,Yes,No,No
3145,pretrained,Qwen/Qwen1.5-1.8B,9.18,0.22,0.35,0.03,0.31,0.36,0.19,,bfloat16,1.837B,other,0.95 kg,46,2024-01-22,2024-06-13,0,Qwen/Qwen1.5-1.8B,No,Yes,Yes,No,No
3146,pretrained,ai21labs/Jamba-v0.1,9.14,0.2,0.36,0.01,0.27,0.36,0.25,,bfloat16,51.57B,apache-2.0,10.11 kg,1178,2024-03-28,2024-09-16,0,ai21labs/Jamba-v0.1,Yes,Yes,Yes,Yes,No
3151,chat,Qwen/Qwen1.5-1.8B-Chat,9.01,0.2,0.33,0.0,0.3,0.43,0.18,,bfloat16,1.837B,other,0.56 kg,48,2024-01-30,2024-06-12,0,Qwen/Qwen1.5-1.8B-Chat,Yes,Yes,Yes,No,No
3152,fine-tuned,nvidia/OpenMath2-Llama3.1-8B,8.99,0.23,0.41,0.04,0.27,0.34,0.16,,float16,8.03B,llama3.1,1.63 kg,26,2024-09-30,2024-12-07,1,nvidia/OpenMath2-Llama3.1-8B (Merge),No,Yes,Yes,No,No
3163,fine-tuned,TencentARC/LLaMA-Pro-8B,8.78,0.23,0.35,0.02,0.26,0.4,0.18,,bfloat16,8.357B,llama2,47.81 kg,170,2024-01-05,2024-06-12,0,TencentARC/LLaMA-Pro-8B,No,Yes,Yes,No,No
3167,pretrained,meta-llama/Llama-2-7b-hf,8.73,0.25,0.35,0.01,0.27,0.37,0.19,,float16,6.738B,llama2,0.56 kg,1925,2023-07-13,2024-06-12,0,meta-llama/Llama-2-7b-hf,No,Yes,Yes,No,No
3174,chat,stabilityai/stablelm-2-1_6b-chat,8.64,0.31,0.34,0.01,0.25,0.36,0.16,,bfloat16,1.645B,other,0.50 kg,32,2024-04-08,2024-06-12,0,stabilityai/stablelm-2-1_6b-chat,Yes,Yes,Yes,No,No
3177,pretrained,internlm/internlm2-1_8b,8.6,0.22,0.39,0.01,0.25,0.38,0.16,,bfloat16,8B,other,0.66 kg,30,2024-01-30,2024-06-12,0,internlm/internlm2-1_8b,No,Yes,Yes,No,No
3178,pretrained,meta-llama/Llama-3.2-3B,8.58,0.13,0.39,0.01,0.27,0.36,0.25,,bfloat16,3.213B,llama3.2,1.33 kg,487,2024-09-18,2024-09-27,0,meta-llama/Llama-3.2-3B,No,Yes,Yes,No,No
3186,pretrained,NousResearch/Yarn-Llama-2-13b-128k,8.42,0.17,0.38,0.01,0.26,0.35,0.23,,bfloat16,13B,-,51.94 kg,113,2023-08-30,2024-06-13,0,NousResearch/Yarn-Llama-2-13b-128k,No,Yes,Yes,No,No
3190,chat,Qwen/Qwen2.5-0.5B-Instruct,8.38,0.32,0.33,0.0,0.26,0.33,0.17,,float16,0.494B,apache-2.0,0.62 kg,203,2024-09-16,2024-10-16,1,Qwen/Qwen2.5-0.5B,Yes,Yes,Yes,No,No
3197,fine-tuned,Nexusflow/NexusRaven-V2-13B,8.31,0.18,0.39,0.02,0.26,0.37,0.19,,bfloat16,13B,other,1.09 kg,466,2023-12-04,2024-06-12,1,codellama/CodeLlama-13b-Instruct-hf,No,Yes,Yes,No,No
3198,fine-tuned,lmsys/vicuna-7b-v1.3,8.31,0.29,0.33,0.0,0.24,0.38,0.18,,float16,7B,-,0.56 kg,129,2023-06-18,2024-06-28,0,lmsys/vicuna-7b-v1.3,Yes,Yes,Yes,No,No
3201,pretrained,bigcode/starcoder2-7b,8.26,0.22,0.37,0.03,0.25,0.38,0.16,,bfloat16,7.174B,bigcode-openrail-m,0.51 kg,168,2024-02-20,2024-06-09,0,bigcode/starcoder2-7b,No,Yes,Yes,No,No
3207,fine-tuned,togethercomputer/Llama-2-7B-32K-Instruct,8.21,0.21,0.34,0.01,0.25,0.41,0.18,,float16,7B,llama2,0.59 kg,159,2023-08-08,2024-06-12,0,togethercomputer/Llama-2-7B-32K-Instruct,No,Yes,Yes,No,No
3209,chat,Qwen/Qwen2.5-0.5B-Instruct,8.14,0.31,0.33,0.0,0.26,0.33,0.17,,bfloat16,0.5B,apache-2.0,0.63 kg,203,2024-09-16,2024-09-19,1,Qwen/Qwen2.5-0.5B,Yes,Yes,Yes,No,No
3210,pretrained,deepseek-ai/deepseek-llm-7b-base,8.14,0.22,0.35,0.01,0.27,0.37,0.18,,bfloat16,7B,other,0.82 kg,74,2023-11-29,2024-06-12,0,deepseek-ai/deepseek-llm-7b-base,No,Yes,Yes,No,No
3215,chat,ibm-granite/granite-3.0-1b-a400m-instruct,8.02,0.33,0.32,0.02,0.26,0.36,0.12,,bfloat16,1.335B,apache-2.0,2.18 kg,19,2024-10-03,-,1,ibm-granite/granite-3.0-1b-a400m-instruct (Merge),Yes,Yes,Yes,No,No
3218,chat,HuggingFaceTB/SmolLM2-360M-Instruct,8.0,0.38,0.31,0.01,0.26,0.35,0.11,,bfloat16,0.36B,apache-2.0,0.38 kg,81,2024-10-31,2024-11-06,0,HuggingFaceTB/SmolLM2-360M-Instruct,Yes,Yes,Yes,No,No
3223,chat,google/recurrentgemma-2b-it,7.95,0.29,0.33,0.02,0.25,0.33,0.14,,bfloat16,2.683B,gemma,1.93 kg,109,2024-04-08,2024-06-12,0,google/recurrentgemma-2b-it,Yes,Yes,Yes,No,No
3227,pretrained,nvidia/Hymba-1.5B-Base,7.92,0.23,0.33,0.01,0.26,0.36,0.19,,bfloat16,1.523B,other,9.11 kg,138,2024-10-09,2024-12-06,0,nvidia/Hymba-1.5B-Base,No,Yes,Yes,No,No
3233,chat,google/gemma-1.1-2b-it,7.78,0.31,0.32,0.0,0.27,0.34,0.15,,bfloat16,2.506B,gemma,0.33 kg,154,2024-03-26,2024-06-12,0,google/gemma-1.1-2b-it,Yes,Yes,Yes,No,No
3235,pretrained,ibm-granite/granite-7b-base,7.76,0.24,0.35,0.01,0.25,0.36,0.18,,bfloat16,6.738B,apache-2.0,0.65 kg,27,2024-04-19,2024-06-12,0,ibm-granite/granite-7b-base,No,Yes,Yes,No,No
3252,chat,deepseek-ai/DeepSeek-R1-Distill-Qwen-1.5B,7.53,0.35,0.32,0.0,0.26,0.36,0.12,,bfloat16,1.777B,mit,0.62 kg,703,2025-01-20,2025-01-20,0,deepseek-ai/DeepSeek-R1-Distill-Qwen-1.5B,Yes,Yes,Yes,No,No
3262,pretrained,deepseek-ai/deepseek-moe-16b-base,7.39,0.24,0.34,0.02,0.25,0.37,0.15,,bfloat16,16.376B,other,7.00 kg,97,2024-01-08,2024-06-12,0,deepseek-ai/deepseek-moe-16b-base,No,Yes,Yes,Yes,No
3263,pretrained,google/gemma-2b,7.36,0.2,0.34,0.03,0.26,0.4,0.14,,bfloat16,2.506B,gemma,1.24 kg,961,2024-02-08,2024-06-12,0,google/gemma-2b,No,Yes,Yes,No,No
3270,pretrained,Qwen/Qwen2-0.5B,7.29,0.19,0.32,0.03,0.26,0.38,0.17,,bfloat16,0.494B,apache-2.0,1.80 kg,127,2024-05-31,2024-11-30,0,Qwen/Qwen2-0.5B,No,Yes,Yes,No,No
3277,pretrained,stabilityai/stablelm-3b-4e1t,7.26,0.22,0.35,0.01,0.24,0.38,0.17,,bfloat16,2.795B,cc-by-sa-4.0,0.43 kg,310,2023-09-29,2024-08-10,0,stabilityai/stablelm-3b-4e1t,No,Yes,Yes,No,No
3288,chat,google/gemma-2b-it,7.22,0.27,0.32,0.0,0.28,0.33,0.14,,bfloat16,2.506B,gemma,0.35 kg,703,2024-02-08,2024-06-12,0,google/gemma-2b-it,Yes,Yes,Yes,No,No
3298,pretrained,allenai/OLMoE-1B-7B-0924,7.18,0.22,0.34,0.01,0.25,0.35,0.17,,bfloat16,6.919B,apache-2.0,3.08 kg,109,2024-07-20,2024-09-30,0,allenai/OLMoE-1B-7B-0924,No,Yes,Yes,Yes,No
3310,pretrained,NousResearch/Yarn-Llama-2-7b-64k,7.13,0.17,0.33,0.01,0.26,0.39,0.18,,bfloat16,7B,-,0.83 kg,23,2023-08-30,2024-06-13,0,NousResearch/Yarn-Llama-2-7b-64k,No,Yes,Yes,No,No
3326,pretrained,microsoft/phi-1_5,7.06,0.2,0.34,0.01,0.27,0.34,0.17,,float16,1.418B,mit,0.34 kg,1323,2023-09-10,2024-06-09,0,microsoft/phi-1_5,No,Yes,Yes,No,No
3337,pretrained,google/codegemma-1.1-2b,7.03,0.23,0.34,0.01,0.27,0.39,0.13,,bfloat16,2.506B,gemma,0.95 kg,17,2024-04-30,2024-08-12,0,google/codegemma-1.1-2b,No,Yes,Yes,No,No
3365,fine-tuned,cognitivecomputations/dolphin-2.9.4-llama3.1-8b,6.96,0.28,0.35,0.0,0.26,0.32,0.12,,bfloat16,8.03B,llama3.1,1.76 kg,93,2024-08-04,2024-09-17,1,meta-llama/Meta-Llama-3.1-8B,Yes,Yes,Yes,No,No
3368,pretrained,google/recurrentgemma-2b,6.95,0.3,0.32,0.02,0.25,0.34,0.12,,bfloat16,2.683B,gemma,3.69 kg,91,2024-04-06,2024-06-13,0,google/recurrentgemma-2b,No,Yes,Yes,No,No
3374,pretrained,databricks/dolly-v1-6b,6.92,0.22,0.32,0.02,0.26,0.4,0.13,,bfloat16,6B,cc-by-nc-4.0,0.66 kg,310,2023-03-23,2024-06-12,0,databricks/dolly-v1-6b,No,Yes,Yes,No,No
3395,pretrained,HuggingFaceTB/SmolLM-135M,6.84,0.21,0.3,0.01,0.26,0.44,0.11,,bfloat16,0.13B,apache-2.0,0.34 kg,191,2024-07-14,2024-07-18,0,HuggingFaceTB/SmolLM-135M,No,Yes,Yes,No,No
3397,fine-tuned,togethercomputer/GPT-JT-6B-v1,6.83,0.21,0.33,0.01,0.26,0.37,0.16,,float16,6B,apache-2.0,37.96 kg,300,2022-11-24,2024-06-12,0,togethercomputer/GPT-JT-6B-v1,No,Yes,Yes,No,No
3408,pretrained,allenai/OLMo-7B-hf,6.78,0.27,0.33,0.01,0.27,0.35,0.12,,bfloat16,6.888B,apache-2.0,0.59 kg,14,2024-04-12,2024-06-27,0,allenai/OLMo-7B-hf,No,Yes,Yes,No,No
3417,fine-tuned,togethercomputer/LLaMA-2-7B-32K,6.74,0.19,0.34,0.01,0.25,0.38,0.18,,float16,7B,llama2,0.58 kg,538,2023-07-26,2024-06-12,0,togethercomputer/LLaMA-2-7B-32K,No,Yes,Yes,No,No
3423,pretrained,NousResearch/Yarn-Llama-2-7b-128k,6.7,0.15,0.32,0.01,0.26,0.4,0.18,,bfloat16,7B,-,0.84 kg,39,2023-08-31,2024-06-13,0,NousResearch/Yarn-Llama-2-7b-128k,No,Yes,Yes,No,No
3431,pretrained,EleutherAI/gpt-j-6b,6.56,0.25,0.32,0.01,0.25,0.37,0.12,,bfloat16,6B,apache-2.0,0.77 kg,1477,2022-03-02,2024-08-19,0,EleutherAI/gpt-j-6b,No,Yes,Yes,No,No
3433,pretrained,bigcode/starcoder2-3b,6.54,0.2,0.35,0.01,0.24,0.34,0.16,,bfloat16,3.03B,bigcode-openrail-m,0.45 kg,161,2023-11-29,2024-06-09,0,bigcode/starcoder2-3b,No,Yes,Yes,No,No
3438,pretrained,openai-community/gpt2,6.51,0.18,0.3,0.0,0.26,0.45,0.12,,bfloat16,0.137B,mit,0.09 kg,2550,2022-03-02,2024-06-12,0,openai-community/gpt2,No,Yes,Yes,No,No
3442,pretrained,allenai/OLMo-1B-hf,6.47,0.22,0.31,0.01,0.26,0.41,0.12,,bfloat16,1.177B,apache-2.0,0.25 kg,21,2024-04-12,2024-06-12,0,allenai/OLMo-1B-hf,No,Yes,Yes,No,No
3443,chat,HuggingFaceTB/SmolLM2-135M-Instruct,6.47,0.29,0.31,0.0,0.24,0.37,0.11,,bfloat16,0.135B,apache-2.0,0.34 kg,99,2024-10-31,2024-11-06,1,HuggingFaceTB/SmolLM2-135M-Instruct (Merge),Yes,Yes,Yes,No,No
3447,chat,Qwen/Qwen2-0.5B-Instruct,6.41,0.22,0.32,0.02,0.25,0.34,0.15,,bfloat16,0.494B,apache-2.0,0.56 kg,174,2024-06-03,2024-06-12,1,Qwen/Qwen2-0.5B,Yes,Yes,Yes,No,No
3453,pretrained,gpt2,6.39,0.19,0.3,0.0,0.26,0.43,0.11,,bfloat16,0.137B,mit,0.32 kg,2550,2022-03-02,2024-06-26,0,gpt2,No,Yes,Yes,No,No
3456,fine-tuned,databricks/dolly-v2-12b,6.38,0.24,0.33,0.01,0.24,0.37,0.11,,bfloat16,12B,mit,1.40 kg,1954,2023-04-11,2024-06-12,0,databricks/dolly-v2-12b,No,Yes,Yes,No,No
3460,fine-tuned,togethercomputer/RedPajama-INCITE-7B-Instruct,6.36,0.21,0.34,0.02,0.25,0.37,0.13,,float16,7B,apache-2.0,1.18 kg,103,2023-05-05,2024-06-12,0,togethercomputer/RedPajama-INCITE-7B-Instruct,No,Yes,Yes,No,No
3461,pretrained,EleutherAI/gpt-neo-2.7B,6.36,0.26,0.31,0.01,0.27,0.36,0.12,,bfloat16,2.718B,mit,0.51 kg,466,2022-03-02,2024-06-12,0,EleutherAI/gpt-neo-2.7B,No,Yes,Yes,No,No
3466,pretrained,Qwen/Qwen2.5-0.5B,6.31,0.16,0.33,0.02,0.25,0.34,0.19,,bfloat16,0.5B,apache-2.0,1.17 kg,180,2024-09-15,2024-09-19,0,Qwen/Qwen2.5-0.5B,No,Yes,Yes,No,No
3467,pretrained,openai-community/gpt2,6.3,0.18,0.3,0.0,0.26,0.44,0.12,,float16,0.137B,mit,0.12 kg,2550,2022-03-02,2024-08-12,0,openai-community/gpt2,No,Yes,Yes,No,No
3472,pretrained,google/flan-t5-base,6.24,0.19,0.35,0.0,0.24,0.37,0.14,,float16,0.248B,apache-2.0,0.16 kg,836,2022-10-21,2024-08-14,0,google/flan-t5-base,No,Yes,Yes,No,No
3473,pretrained,ibm-granite/granite-3.1-1b-a400m-base,6.22,0.25,0.33,0.02,0.25,0.35,0.11,,bfloat16,1.335B,apache-2.0,1.12 kg,5,2024-12-06,2024-12-16,0,ibm-granite/granite-3.1-1b-a400m-base,No,Yes,Yes,No,No
3475,pretrained,facebook/opt-30b,6.2,0.25,0.31,0.01,0.27,0.36,0.12,,float16,30B,other,3.00 kg,133,2022-05-11,2024-06-12,0,facebook/opt-30b,No,Yes,Yes,No,No
3478,pretrained,HuggingFaceTB/SmolLM-360M,6.15,0.21,0.31,0.0,0.27,0.4,0.11,,bfloat16,0.36B,apache-2.0,0.37 kg,62,2024-07-14,2024-07-18,0,HuggingFaceTB/SmolLM-360M,No,Yes,Yes,No,No
3481,pretrained,HuggingFaceTB/SmolLM2-360M,6.1,0.21,0.32,0.0,0.25,0.4,0.12,,bfloat16,0.36B,apache-2.0,0.39 kg,29,2024-10-31,2024-11-06,0,HuggingFaceTB/SmolLM2-360M,No,Yes,Yes,No,No
3485,pretrained,google/flan-t5-small,6.0,0.15,0.33,0.0,0.26,0.41,0.12,,float16,0.077B,apache-2.0,0.14 kg,309,2022-10-21,2024-06-27,0,google/flan-t5-small,No,Yes,Yes,No,No
3486,pretrained,EleutherAI/gpt-neox-20b,6.0,0.26,0.32,0.01,0.24,0.36,0.12,,float16,20.739B,apache-2.0,3.15 kg,555,2022-04-07,2024-06-09,0,EleutherAI/gpt-neox-20b,No,Yes,Yes,No,No
3489,pretrained,mosaicml/mpt-7b,5.99,0.22,0.33,0.01,0.26,0.37,0.12,,bfloat16,7B,apache-2.0,0.64 kg,1163,2023-05-05,2024-06-08,0,mosaicml/mpt-7b,No,Yes,Yes,No,No
3491,pretrained,gpt2,5.98,0.08,0.31,0.0,0.23,0.43,0.1,,float16,0.137B,mit,0.04 kg,2550,2022-03-02,2024-06-26,0,gpt2,No,Yes,Yes,No,No
3496,pretrained,EleutherAI/pythia-12b,5.93,0.25,0.32,0.01,0.25,0.36,0.11,,float16,12B,apache-2.0,1.12 kg,133,2023-02-28,2024-06-12,0,EleutherAI/pythia-12b,No,Yes,Yes,No,No
3497,pretrained,ibm-granite/granite-3.0-1b-a400m-base,5.92,0.24,0.32,0.02,0.25,0.34,0.12,,bfloat16,1.335B,apache-2.0,2.48 kg,6,2024-10-03,-,0,ibm-granite/granite-3.0-1b-a400m-base,No,Yes,Yes,No,No
3499,pretrained,EleutherAI/pythia-1.4b,5.88,0.24,0.32,0.01,0.26,0.35,0.11,,float16,1.515B,apache-2.0,0.19 kg,22,2023-02-09,2025-01-28,0,EleutherAI/pythia-1.4b,No,Yes,Yes,No,No
3501,pretrained,EleutherAI/pythia-6.9b,5.87,0.23,0.32,0.01,0.25,0.36,0.11,,float16,6.9B,apache-2.0,0.87 kg,50,2023-02-14,2024-06-12,0,EleutherAI/pythia-6.9b,No,Yes,Yes,No,No
3507,pretrained,openai-community/gpt2-medium,5.83,0.22,0.31,0.0,0.26,0.39,0.12,,bfloat16,0.38B,mit,0.12 kg,166,2022-03-02,2024-06-12,0,openai-community/gpt2-medium,No,Yes,Yes,No,No
3521,fine-tuned,togethercomputer/RedPajama-INCITE-Instruct-3B-v1,5.68,0.21,0.31,0.01,0.25,0.39,0.11,,float16,3B,apache-2.0,0.76 kg,93,2023-05-05,2024-06-12,0,togethercomputer/RedPajama-INCITE-Instruct-3B-v1,No,Yes,Yes,No,No
3527,pretrained,EleutherAI/pythia-160m,5.62,0.18,0.3,0.0,0.26,0.42,0.11,,float16,0.213B,apache-2.0,0.24 kg,30,2023-02-08,2024-06-09,0,EleutherAI/pythia-160m,No,Yes,Yes,No,No
3531,fine-tuned,databricks/dolly-v2-7b,5.57,0.2,0.32,0.01,0.27,0.36,0.11,,bfloat16,7B,mit,0.83 kg,148,2023-04-13,2024-06-12,0,databricks/dolly-v2-7b,No,Yes,Yes,No,No
3532,chat,Qwen/Qwen1.5-0.5B-Chat,5.56,0.18,0.32,0.0,0.27,0.38,0.12,,bfloat16,0.62B,other,0.55 kg,76,2024-01-31,2024-06-12,0,Qwen/Qwen1.5-0.5B-Chat,Yes,Yes,Yes,No,No
3533,pretrained,HuggingFaceTB/SmolLM2-135M,5.56,0.18,0.3,0.0,0.25,0.41,0.11,,bfloat16,0.135B,apache-2.0,0.33 kg,55,2024-10-31,2024-11-06,0,HuggingFaceTB/SmolLM2-135M,No,Yes,Yes,No,No
3536,pretrained,microsoft/phi-1,5.52,0.21,0.31,0.01,0.27,0.35,0.12,,bfloat16,1.418B,mit,0.29 kg,210,2023-09-10,2024-06-13,0,microsoft/phi-1,No,Yes,Yes,No,No
3540,pretrained,togethercomputer/RedPajama-INCITE-7B-Base,5.49,0.21,0.32,0.01,0.26,0.36,0.12,,float16,7B,apache-2.0,1.22 kg,93,2023-05-04,2024-06-12,0,togethercomputer/RedPajama-INCITE-7B-Base,No,Yes,Yes,No,No
3542,pretrained,openai-community/gpt2-large,5.48,0.2,0.31,0.01,0.26,0.38,0.11,,bfloat16,0.812B,mit,0.18 kg,283,2022-03-02,2024-06-12,0,openai-community/gpt2-large,No,Yes,Yes,No,No
3546,fine-tuned,databricks/dolly-v2-3b,5.46,0.22,0.31,0.01,0.26,0.33,0.11,,bfloat16,3B,mit,0.76 kg,287,2023-04-13,2024-06-12,0,databricks/dolly-v2-3b,No,Yes,Yes,No,No
3548,pretrained,EleutherAI/pythia-2.8b,5.45,0.22,0.32,0.01,0.25,0.35,0.11,,float16,2.909B,apache-2.0,0.75 kg,29,2023-02-13,2024-06-12,0,EleutherAI/pythia-2.8b,No,Yes,Yes,No,No
3549,pretrained,togethercomputer/RedPajama-INCITE-Base-3B-v1,5.45,0.23,0.31,0.01,0.24,0.37,0.11,,float16,3B,apache-2.0,0.78 kg,90,2023-05-04,2024-06-12,0,togethercomputer/RedPajama-INCITE-Base-3B-v1,No,Yes,Yes,No,No
3552,pretrained,HuggingFaceTB/SmolLM-1.7B,5.43,0.24,0.32,0.01,0.24,0.34,0.11,,bfloat16,1.71B,apache-2.0,0.32 kg,168,2024-07-14,2024-07-18,0,HuggingFaceTB/SmolLM-1.7B,No,Yes,Yes,No,No
3554,fine-tuned,PygmalionAI/pygmalion-6b,5.39,0.21,0.32,0.01,0.25,0.37,0.12,,float16,6B,creativeml-openrail-m,31.92 kg,739,2023-01-07,2024-06-12,0,PygmalionAI/pygmalion-6b,No,Yes,Yes,No,No
3557,pretrained,EleutherAI/gpt-neo-1.3B,5.34,0.21,0.3,0.01,0.26,0.38,0.12,,bfloat16,1.366B,mit,0.36 kg,277,2022-03-02,2024-06-12,0,EleutherAI/gpt-neo-1.3B,No,Yes,Yes,No,No
3561,pretrained,facebook/opt-1.3b,5.25,0.24,0.31,0.01,0.24,0.34,0.11,,float16,1.3B,other,0.40 kg,162,2022-05-11,2024-06-12,0,facebook/opt-1.3b,No,Yes,Yes,No,No
3562,chat,microsoft/DialoGPT-medium,5.25,0.15,0.3,0.0,0.25,0.43,0.11,,bfloat16,0.345B,mit,0.13 kg,348,2022-03-02,2024-06-13,0,microsoft/DialoGPT-medium,Yes,Yes,Yes,No,No
3568,pretrained,stabilityai/stablelm-2-1_6b,5.22,0.12,0.34,0.0,0.25,0.39,0.15,,float16,1.645B,other,0.55 kg,188,2024-01-18,2024-06-12,0,stabilityai/stablelm-2-1_6b,No,Yes,Yes,No,No
3570,fine-tuned,google/mt5-xl,5.19,0.2,0.3,0.0,0.26,0.38,0.11,,float16,3.23B,apache-2.0,0.90 kg,23,2022-03-02,2024-09-06,0,google/mt5-xl,No,Yes,Yes,No,No
3571,pretrained,amd/AMD-Llama-135m,5.19,0.19,0.3,0.01,0.26,0.38,0.12,,bfloat16,0.134B,apache-2.0,0.53 kg,111,2024-07-19,2024-10-01,0,amd/AMD-Llama-135m,No,Yes,Yes,No,No
3575,pretrained,TinyLlama/TinyLlama-1.1B-intermediate-step-1431k-3T,5.17,0.23,0.31,0.01,0.25,0.34,0.11,,bfloat16,1.1B,apache-2.0,0.17 kg,168,2023-12-28,2024-11-27,0,TinyLlama/TinyLlama-1.1B-intermediate-step-1431k-3T,No,Yes,Yes,No,No
3579,chat,HuggingFaceTB/SmolLM-1.7B-Instruct,5.14,0.23,0.29,0.0,0.26,0.35,0.12,,bfloat16,1.71B,apache-2.0,0.32 kg,109,2024-07-15,2024-07-18,1,HuggingFaceTB/SmolLM-1.7B,Yes,Yes,Yes,No,No
3580,pretrained,Qwen/Qwen1.5-0.5B,5.14,0.17,0.32,0.0,0.25,0.36,0.13,,bfloat16,0.62B,other,0.98 kg,150,2024-01-22,2024-06-13,0,Qwen/Qwen1.5-0.5B,No,Yes,Yes,No,No
3583,pretrained,EleutherAI/pythia-410m,5.11,0.22,0.3,0.0,0.26,0.36,0.11,,float16,0.506B,apache-2.0,0.38 kg,22,2023-02-13,2024-06-09,0,EleutherAI/pythia-410m,No,Yes,Yes,No,No
3584,pretrained,tiiuae/falcon-7b,5.11,0.18,0.33,0.01,0.24,0.38,0.11,,bfloat16,7B,apache-2.0,0.79 kg,1082,2023-04-24,2024-06-09,0,tiiuae/falcon-7b,No,Yes,Yes,No,No
3585,fine-tuned,google/mt5-xxl,5.1,0.24,0.3,0.0,0.24,0.37,0.11,,float16,11.9B,apache-2.0,2.28 kg,68,2022-03-02,2024-09-06,0,google/mt5-xxl,No,Yes,Yes,No,No
3598,chat,tiiuae/falcon-7b-instruct,5.02,0.2,0.32,0.01,0.25,0.36,0.12,,bfloat16,7B,apache-2.0,0.77 kg,943,2023-04-25,2024-06-09,0,tiiuae/falcon-7b-instruct,No,Yes,Yes,No,No
3601,pretrained,openai-community/gpt2-xl,4.98,0.2,0.3,0.0,0.26,0.37,0.11,,bfloat16,1.608B,mit,0.22 kg,325,2022-03-02,2024-06-12,0,openai-community/gpt2-xl,No,Yes,Yes,No,No
3602,pretrained,EleutherAI/pythia-1b,4.97,0.22,0.3,0.0,0.26,0.36,0.11,,float16,1.079B,apache-2.0,0.16 kg,33,2023-03-10,2025-01-27,0,EleutherAI/pythia-1b,No,Yes,Yes,No,No
3603,fine-tuned,togethercomputer/GPT-NeoXT-Chat-Base-20B,4.96,0.18,0.33,0.01,0.25,0.35,0.11,,float16,20B,apache-2.0,2.98 kg,696,2023-03-03,2024-06-12,0,togethercomputer/GPT-NeoXT-Chat-Base-20B,No,Yes,Yes,No,No
3613,pretrained,upstage/SOLAR-10.7B-v1.0,4.92,0.17,0.3,0.02,0.26,0.37,0.12,,float16,10.732B,apache-2.0,1.52 kg,298,2023-12-12,2024-06-12,0,upstage/SOLAR-10.7B-v1.0,No,Yes,Yes,No,No
3628,fine-tuned,amd/AMD-Llama-135m,4.76,0.18,0.3,0.01,0.25,0.38,0.12,,float16,0.135B,apache-2.0,0.13 kg,111,2024-07-19,2024-09-29,0,amd/AMD-Llama-135m,No,Yes,Yes,No,No
3631,fine-tuned,togethercomputer/RedPajama-INCITE-Chat-3B-v1,4.75,0.17,0.32,0.0,0.24,0.37,0.11,,float16,3B,apache-2.0,0.77 kg,152,2023-05-05,2024-06-13,0,togethercomputer/RedPajama-INCITE-Chat-3B-v1,No,Yes,Yes,No,No
3635,pretrained,TinyLlama/TinyLlama_v1.1,4.72,0.2,0.3,0.01,0.25,0.37,0.1,,bfloat16,1.1B,apache-2.0,0.25 kg,83,2024-03-09,2024-06-12,0,TinyLlama/TinyLlama_v1.1,No,Yes,Yes,No,No
3637,chat,HuggingFaceTB/SmolLM-360M-Instruct,4.71,0.2,0.29,0.0,0.26,0.35,0.12,,bfloat16,0.362B,apache-2.0,0.37 kg,80,2024-07-15,2024-08-20,1,HuggingFaceTB/SmolLM-360M,Yes,Yes,Yes,No,No
3655,fine-tuned,WizardLMTeam/WizardLM-13B-V1.0,4.55,0.19,0.29,0.0,0.26,0.35,0.12,,bfloat16,13B,-,70.98 kg,73,2023-05-13,2024-06-13,0,WizardLMTeam/WizardLM-13B-V1.0,No,Yes,Yes,No,No
3672,pretrained,EleutherAI/gpt-neo-125m,4.38,0.19,0.31,0.0,0.25,0.36,0.1,,bfloat16,0.15B,mit,0.20 kg,195,2022-03-02,2024-08-10,0,EleutherAI/gpt-neo-125m,No,Yes,Yes,No,No
3681,pretrained,bigscience/bloom-3b,4.26,0.13,0.31,0.0,0.24,0.4,0.11,,bfloat16,3.003B,bigscience-bloom-rail-1.0,1.00 kg,88,2022-05-19,2024-06-13,0,bigscience/bloom-3b,No,Yes,Yes,No,No
3682,fine-tuned,google/mt5-small,4.26,0.17,0.28,0.0,0.24,0.39,0.11,,float16,0.17B,apache-2.0,0.18 kg,129,2022-03-02,2024-09-06,0,google/mt5-small,No,Yes,Yes,No,No
3686,chat,allenai/Llama-3.1-Tulu-3-8B-RM,4.24,0.17,0.3,0.0,0.26,0.38,0.11,,bfloat16,8B,llama3.1,0.74 kg,16,2024-11-20,2024-11-22,1,allenai/Llama-3.1-Tulu-3-8B-RM (Merge),Yes,Yes,Yes,No,No
3699,chat,TinyLlama/TinyLlama-1.1B-Chat-v0.6,4.09,0.16,0.31,0.0,0.26,0.34,0.11,,bfloat16,1.1B,apache-2.0,0.43 kg,94,2023-11-20,2024-10-23,0,TinyLlama/TinyLlama-1.1B-Chat-v0.6,Yes,Yes,Yes,No,No
3701,chat,TinyLlama/TinyLlama-1.1B-Chat-v0.5,4.08,0.16,0.31,0.0,0.25,0.37,0.11,,bfloat16,1.1B,apache-2.0,0.09 kg,8,2023-11-20,2024-10-23,0,TinyLlama/TinyLlama-1.1B-Chat-v0.5,No,Yes,Yes,No,No
3709,pretrained,meta-llama/Llama-3.2-1B,4.03,0.15,0.31,0.0,0.23,0.34,0.12,,bfloat16,1.24B,llama3.2,0.42 kg,1529,2024-09-18,2024-09-23,0,meta-llama/Llama-3.2-1B,No,Yes,Yes,No,No
3711,pretrained,PrimeIntellect/INTELLECT-1,4.02,0.18,0.27,0.0,0.25,0.38,0.11,,float16,10.211B,apache-2.0,1.00 kg,59,2024-11-28,2024-12-03,0,PrimeIntellect/INTELLECT-1,No,Yes,Yes,No,No
3714,pretrained,bigscience/bloom-1b7,3.97,0.1,0.31,0.0,0.26,0.39,0.11,,bfloat16,1.722B,bigscience-bloom-rail-1.0,0.82 kg,121,2022-05-19,2024-06-13,0,bigscience/bloom-1b7,No,Yes,Yes,No,No
3717,fine-tuned,togethercomputer/RedPajama-INCITE-7B-Chat,3.96,0.16,0.32,0.0,0.25,0.34,0.11,,float16,7B,apache-2.0,1.22 kg,92,2023-05-04,2024-06-13,0,togethercomputer/RedPajama-INCITE-7B-Chat,No,Yes,Yes,No,No
3718,pretrained,bigscience/bloom-1b1,3.96,0.14,0.31,0.0,0.26,0.37,0.11,,bfloat16,1.065B,bigscience-bloom-rail-1.0,0.72 kg,62,2022-05-19,2024-06-13,0,bigscience/bloom-1b1,No,Yes,Yes,No,No
3727,fine-tuned,IDEA-CCNL/Ziya-LLaMA-13B-v1,3.91,0.17,0.29,0.0,0.25,0.38,0.11,,float16,13B,gpl-3.0,1.11 kg,274,2023-05-16,2024-06-12,0,IDEA-CCNL/Ziya-LLaMA-13B-v1,No,Yes,Yes,No,No
3729,pretrained,distilbert/distilgpt2,3.9,0.06,0.3,0.0,0.26,0.42,0.12,,bfloat16,0.088B,apache-2.0,0.12 kg,473,2022-03-02,2024-06-12,0,distilbert/distilgpt2,No,Yes,Yes,No,No
3735,fine-tuned,TinyLlama/TinyLlama-1.1B-Chat-v0.1,3.86,0.15,0.31,0.0,0.23,0.36,0.11,,float16,1.1B,apache-2.0,0.09 kg,54,2023-09-16,2024-12-02,0,TinyLlama/TinyLlama-1.1B-Chat-v0.1,No,Yes,Yes,No,No
3744,pretrained,PrimeIntellect/INTELLECT-1,3.81,0.18,0.28,0.0,0.25,0.33,0.11,,bfloat16,10.211B,apache-2.0,1.00 kg,59,2024-11-28,2024-11-29,0,PrimeIntellect/INTELLECT-1,No,Yes,Yes,No,No
3753,pretrained,bigscience/bloom-7b1,3.71,0.13,0.31,0.0,0.26,0.35,0.11,,float16,7.069B,bigscience-bloom-rail-1.0,1.01 kg,203,2022-05-19,2024-06-13,0,bigscience/bloom-7b1,No,Yes,Yes,No,No
3754,fine-tuned,OpenAssistant/oasst-sft-1-pythia-12b,3.67,0.11,0.31,0.01,0.26,0.33,0.11,,float16,12B,apache-2.0,0.89 kg,278,2023-03-09,2024-06-12,0,OpenAssistant/oasst-sft-1-pythia-12b,No,Yes,Yes,No,No
3767,fine-tuned,google/mt5-base,3.57,0.16,0.29,0.0,0.24,0.37,0.11,,float16,0.39B,apache-2.0,0.20 kg,215,2022-03-02,2024-09-06,0,google/mt5-base,No,Yes,Yes,No,No
3769,chat,HuggingFaceTB/SmolLM-135M-Instruct,3.56,0.12,0.3,0.0,0.26,0.36,0.12,,bfloat16,0.135B,apache-2.0,0.47 kg,104,2024-07-15,2024-10-12,1,HuggingFaceTB/SmolLM-135M,Yes,Yes,Yes,No,No
3777,pretrained,bigscience/bloom-560m,3.46,0.06,0.3,0.0,0.26,0.4,0.12,,bfloat16,0.559B,bigscience-bloom-rail-1.0,0.76 kg,351,2022-05-19,2024-06-13,0,bigscience/bloom-560m,No,Yes,Yes,No,No
3779,fine-tuned,google/umt5-base,3.44,0.17,0.28,0.0,0.25,0.34,0.11,,float16,-1B,apache-2.0,0.67 kg,13,2023-07-02,2024-09-06,0,google/umt5-base,No,Yes,Yes,No,No
3781,fine-tuned,nvidia/AceMath-72B-RM,3.43,0.14,0.27,0.0,0.23,0.34,0.12,,bfloat16,71.461B,cc-by-nc-4.0,75.00 kg,6,2025-01-14,2025-01-24,0,nvidia/AceMath-72B-RM,Yes,Yes,Yes,No,No
3794,fine-tuned,google/switch-base-8,3.3,0.16,0.29,0.0,0.25,0.35,0.11,,float16,0.62B,apache-2.0,0.15 kg,16,2022-10-24,2024-09-06,0,google/switch-base-8,No,Yes,Yes,No,No
3797,fine-tuned,nvidia/AceMath-7B-RM,3.22,0.15,0.24,0.0,0.25,0.36,0.11,,bfloat16,7.071B,cc-by-nc-4.0,0.68 kg,5,2025-01-14,2025-01-24,0,nvidia/AceMath-7B-RM,Yes,Yes,Yes,No,No
3802,fine-tuned,HuggingFaceTB/SmolLM2-360M-Instruct,3.1,0.08,0.31,0.01,0.27,0.34,0.11,,float16,0.362B,apache-2.0,0.39 kg,81,2024-10-31,2024-11-14,0,HuggingFaceTB/SmolLM2-360M-Instruct,No,Yes,Yes,No,No
3805,fine-tuned,HuggingFaceTB/SmolLM2-135M-Instruct,2.99,0.06,0.31,0.0,0.23,0.39,0.11,,float16,0.135B,apache-2.0,0.35 kg,99,2024-10-31,2024-11-14,1,HuggingFaceTB/SmolLM2-135M-Instruct (Merge),No,Yes,Yes,No,No
3808,fine-tuned,TinyLlama/TinyLlama-1.1B-Chat-v1.0,2.72,0.06,0.31,0.01,0.25,0.35,0.11,,float16,1.1B,apache-2.0,0.27 kg,1136,2023-12-30,2024-08-04,0,TinyLlama/TinyLlama-1.1B-Chat-v1.0,No,Yes,Yes,No,No
3817,chat,PrimeIntellect/INTELLECT-1-Instruct,1.03,0.0,0.29,0.0,0.25,0.36,0.11,,bfloat16,10.211B,apache-2.0,1.89 kg,118,2024-11-28,2024-11-29,1,PrimeIntellect/INTELLECT-1-Instruct (Merge),Yes,Yes,Yes,No,No
